d_holy_sepulchre_000;Brotherhood of the Holy Sepulchre;;;;;;;;;;;;;x
d_holy_sepulchre_001;Brotherhood of the Holy Sepulchre;;;;;;;;;;;;;x
d_holy_sepulchre_002;Brotherhood of the Holy Sepulchre;;;;;;;;;;;;;x
d_holy_sepulchre_003;Brotherhood of the Holy Sepulchre;;;;;;;;;;;;;x
d_holy_sepulchre_004;Brotherhood of the Holy Sepulchre;;;;;;;;;;;;;x
d_holy_sepulchre_005;Brotherhood of the Holy Sepulchre;;;;;;;;;;;;;x
d_holy_sepulchre_006;Brotherhood of the Holy Sepulchre;;;;;;;;;;;;;x
d_holy_sepulchre_007;Brotherhood of the Holy Sepulchre;;;;;;;;;;;;;x
d_holy_sepulchre_008;Brotherhood of the Holy Sepulchre;;;;;;;;;;;;;x
d_holy_sepulchre_009;Brotherhood of the Holy Sepulchre;;;;;;;;;;;;;x
d_holy_sepulchre_010;Brotherhood of the Holy Sepulchre;;;;;;;;;;;;;x
d_holy_sepulchre_011;Brotherhood of the Holy Sepulchre;;;;;;;;;;;;;x
d_holy_sepulchre_012;Brotherhood of the Holy Sepulchre;;;;;;;;;;;;;x
d_holy_sepulchre_013;Brotherhood of the Holy Sepulchre;;;;;;;;;;;;;x
d_holy_sepulchre_014;Brotherhood of the Holy Sepulchre;;;;;;;;;;;;;x
d_holy_sepulchre_015;Brotherhood of the Holy Sepulchre;;;;;;;;;;;;;x
d_holy_sepulchre_016;Brotherhood of the Holy Sepulchre;;;;;;;;;;;;;x
d_holy_sepulchre_017;Brotherhood of the Holy Sepulchre;;;;;;;;;;;;;x
d_holy_sepulchre_018;Brotherhood of the Holy Sepulchre;;;;;;;;;;;;;x
d_holy_sepulchre_019;Brotherhood of the Holy Sepulchre;;;;;;;;;;;;;x
d_holy_sepulchre_020;Brotherhood of the Holy Sepulchre;;;;;;;;;;;;;x
d_holy_sepulchre_021;Brotherhood of the Holy Sepulchre;;;;;;;;;;;;;x
d_holy_sepulchre_022;Brotherhood of the Holy Sepulchre;;;;;;;;;;;;;x
d_holy_sepulchre_023;Brotherhood of the Holy Sepulchre;;;;;;;;;;;;;x
d_holy_sepulchre_024;Brotherhood of the Holy Sepulchre;;;;;;;;;;;;;x
d_holy_sepulchre_025;Brotherhood of the Holy Sepulchre;;;;;;;;;;;;;x
d_holy_sepulchre_026;Brotherhood of the Holy Sepulchre;;;;;;;;;;;;;x
d_holy_sepulchre_027;Brotherhood of the Holy Sepulchre;;;;;;;;;;;;;x
d_holy_sepulchre_028;Brotherhood of the Holy Sepulchre;;;;;;;;;;;;;x
d_holy_sepulchre_029;Brotherhood of the Holy Sepulchre;;;;;;;;;;;;;x
d_holy_sepulchre_030;Brotherhood of the Holy Sepulchre;;;;;;;;;;;;;x
d_holy_sepulchre_031;Brotherhood of the Holy Sepulchre;;;;;;;;;;;;;x
d_holy_sepulchre_032;Brotherhood of the Holy Sepulchre;;;;;;;;;;;;;x
d_holy_sepulchre_033;Brotherhood of the Holy Sepulchre;;;;;;;;;;;;;x
d_holy_sepulchre_034;Brotherhood of the Holy Sepulchre;;;;;;;;;;;;;x
d_holy_sepulchre_035;Brotherhood of the Holy Sepulchre;;;;;;;;;;;;;x
d_holy_sepulchre_036;Brotherhood of the Holy Sepulchre;;;;;;;;;;;;;x
d_holy_sepulchre_037;Brotherhood of the Holy Sepulchre;;;;;;;;;;;;;x
d_holy_sepulchre_038;Brotherhood of the Holy Sepulchre;;;;;;;;;;;;;x
d_holy_sepulchre_039;Brotherhood of the Holy Sepulchre;;;;;;;;;;;;;x
d_holy_sepulchre_040;Brotherhood of the Holy Sepulchre;;;;;;;;;;;;;x
d_holy_sepulchre_041;Brotherhood of the Holy Sepulchre;;;;;;;;;;;;;x
d_holy_sepulchre_042;Brotherhood of the Holy Sepulchre;;;;;;;;;;;;;x
d_holy_sepulchre_043;Brotherhood of the Holy Sepulchre;;;;;;;;;;;;;x
d_holy_sepulchre_044;Brotherhood of the Holy Sepulchre;;;;;;;;;;;;;x
d_holy_sepulchre_045;Brotherhood of the Holy Sepulchre;;;;;;;;;;;;;x
d_holy_sepulchre_046;Brotherhood of the Holy Sepulchre;;;;;;;;;;;;;x
d_holy_sepulchre_047;Brotherhood of the Holy Sepulchre;;;;;;;;;;;;;x
d_holy_sepulchre_048;Brotherhood of the Holy Sepulchre;;;;;;;;;;;;;x
d_holy_sepulchre_049;Brotherhood of the Holy Sepulchre;;;;;;;;;;;;;x
d_holy_sepulchre_050;Brotherhood of the Holy Sepulchre;;;;;;;;;;;;;x
d_holy_sepulchre_051;Brotherhood of the Holy Sepulchre;;;;;;;;;;;;;x
d_holy_sepulchre_052;Brotherhood of the Holy Sepulchre;;;;;;;;;;;;;x
d_holy_sepulchre_053;Brotherhood of the Holy Sepulchre;;;;;;;;;;;;;x
d_holy_sepulchre_054;Brotherhood of the Holy Sepulchre;;;;;;;;;;;;;x
d_holy_sepulchre_055;Brotherhood of the Holy Sepulchre;;;;;;;;;;;;;x
d_holy_sepulchre_056;Brotherhood of the Holy Sepulchre;;;;;;;;;;;;;x
d_holy_sepulchre_057;Brotherhood of the Holy Sepulchre;;;;;;;;;;;;;x
d_holy_sepulchre_058;Brotherhood of the Holy Sepulchre;;;;;;;;;;;;;x
d_holy_sepulchre_059;Brotherhood of the Holy Sepulchre;;;;;;;;;;;;;x
d_holy_sepulchre_060;Brotherhood of the Holy Sepulchre;;;;;;;;;;;;;x
d_holy_sepulchre_061;Brotherhood of the Holy Sepulchre;;;;;;;;;;;;;x
d_holy_sepulchre_062;Brotherhood of the Holy Sepulchre;;;;;;;;;;;;;x
d_holy_sepulchre_063;Brotherhood of the Holy Sepulchre;;;;;;;;;;;;;x
d_holy_sepulchre_064;Brotherhood of the Holy Sepulchre;;;;;;;;;;;;;x
d_holy_sepulchre_065;Brotherhood of the Holy Sepulchre;;;;;;;;;;;;;x
d_holy_sepulchre_066;Brotherhood of the Holy Sepulchre;;;;;;;;;;;;;x
d_holy_sepulchre_067;Brotherhood of the Holy Sepulchre;;;;;;;;;;;;;x
d_holy_sepulchre_068;Brotherhood of the Holy Sepulchre;;;;;;;;;;;;;x
d_holy_sepulchre_069;Brotherhood of the Holy Sepulchre;;;;;;;;;;;;;x
d_holy_sepulchre_070;Brotherhood of the Holy Sepulchre;;;;;;;;;;;;;x
d_holy_sepulchre_071;Brotherhood of the Holy Sepulchre;;;;;;;;;;;;;x
d_holy_sepulchre_072;Brotherhood of the Holy Sepulchre;;;;;;;;;;;;;x
d_holy_sepulchre_073;Brotherhood of the Holy Sepulchre;;;;;;;;;;;;;x
d_holy_sepulchre_074;Brotherhood of the Holy Sepulchre;;;;;;;;;;;;;x
d_holy_sepulchre_075;Brotherhood of the Holy Sepulchre;;;;;;;;;;;;;x
d_holy_sepulchre_076;Brotherhood of the Holy Sepulchre;;;;;;;;;;;;;x
d_holy_sepulchre_077;Brotherhood of the Holy Sepulchre;;;;;;;;;;;;;x
d_holy_sepulchre_078;Brotherhood of the Holy Sepulchre;;;;;;;;;;;;;x
d_holy_sepulchre_079;Brotherhood of the Holy Sepulchre;;;;;;;;;;;;;x
d_holy_sepulchre_080;Brotherhood of the Holy Sepulchre;;;;;;;;;;;;;x
d_holy_sepulchre_081;Brotherhood of the Holy Sepulchre;;;;;;;;;;;;;x
d_holy_sepulchre_082;Brotherhood of the Holy Sepulchre;;;;;;;;;;;;;x
d_holy_sepulchre_083;Brotherhood of the Holy Sepulchre;;;;;;;;;;;;;x
d_holy_sepulchre_084;Brotherhood of the Holy Sepulchre;;;;;;;;;;;;;x
d_holy_sepulchre_085;Brotherhood of the Holy Sepulchre;;;;;;;;;;;;;x
d_holy_sepulchre_086;Brotherhood of the Holy Sepulchre;;;;;;;;;;;;;x
d_holy_sepulchre_087;Brotherhood of the Holy Sepulchre;;;;;;;;;;;;;x
d_holy_sepulchre_088;Brotherhood of the Holy Sepulchre;;;;;;;;;;;;;x
d_holy_sepulchre_089;Brotherhood of the Holy Sepulchre;;;;;;;;;;;;;x
d_holy_sepulchre_090;Brotherhood of the Holy Sepulchre;;;;;;;;;;;;;x
d_holy_sepulchre_091;Brotherhood of the Holy Sepulchre;;;;;;;;;;;;;x
d_holy_sepulchre_092;Brotherhood of the Holy Sepulchre;;;;;;;;;;;;;x
d_holy_sepulchre_093;Brotherhood of the Holy Sepulchre;;;;;;;;;;;;;x
d_holy_sepulchre_094;Brotherhood of the Holy Sepulchre;;;;;;;;;;;;;x
d_holy_sepulchre_095;Brotherhood of the Holy Sepulchre;;;;;;;;;;;;;x
d_holy_sepulchre_096;Brotherhood of the Holy Sepulchre;;;;;;;;;;;;;x
d_holy_sepulchre_097;Brotherhood of the Holy Sepulchre;;;;;;;;;;;;;x
d_holy_sepulchre_098;Brotherhood of the Holy Sepulchre;;;;;;;;;;;;;x
d_holy_sepulchre_099;Brotherhood of the Holy Sepulchre;;;;;;;;;;;;;x
d_holy_sepulchre_100;Brotherhood of the Holy Sepulchre;;;;;;;;;;;;;x
d_holy_sepulchre_101;Brotherhood of the Holy Sepulchre;;;;;;;;;;;;;x
d_holy_sepulchre_102;Brotherhood of the Holy Sepulchre;;;;;;;;;;;;;x
d_holy_sepulchre_103;Brotherhood of the Holy Sepulchre;;;;;;;;;;;;;x
d_holy_sepulchre_104;Brotherhood of the Holy Sepulchre;;;;;;;;;;;;;x
d_holy_sepulchre_105;Brotherhood of the Holy Sepulchre;;;;;;;;;;;;;x
d_holy_sepulchre_106;Brotherhood of the Holy Sepulchre;;;;;;;;;;;;;x
d_holy_sepulchre_107;Brotherhood of the Holy Sepulchre;;;;;;;;;;;;;x
d_holy_sepulchre_108;Brotherhood of the Holy Sepulchre;;;;;;;;;;;;;x
d_holy_sepulchre_109;Brotherhood of the Holy Sepulchre;;;;;;;;;;;;;x
d_holy_sepulchre_110;Brotherhood of the Holy Sepulchre;;;;;;;;;;;;;x
d_holy_sepulchre_111;Brotherhood of the Holy Sepulchre;;;;;;;;;;;;;x
d_holy_sepulchre_112;Brotherhood of the Holy Sepulchre;;;;;;;;;;;;;x
d_holy_sepulchre_113;Brotherhood of the Holy Sepulchre;;;;;;;;;;;;;x
d_holy_sepulchre_114;Brotherhood of the Holy Sepulchre;;;;;;;;;;;;;x
d_holy_sepulchre_115;Brotherhood of the Holy Sepulchre;;;;;;;;;;;;;x
d_holy_sepulchre_116;Brotherhood of the Holy Sepulchre;;;;;;;;;;;;;x
d_holy_sepulchre_117;Brotherhood of the Holy Sepulchre;;;;;;;;;;;;;x
d_holy_sepulchre_118;Brotherhood of the Holy Sepulchre;;;;;;;;;;;;;x
d_holy_sepulchre_119;Brotherhood of the Holy Sepulchre;;;;;;;;;;;;;x
d_holy_sepulchre_120;Brotherhood of the Holy Sepulchre;;;;;;;;;;;;;x
d_holy_sepulchre_121;Brotherhood of the Holy Sepulchre;;;;;;;;;;;;;x
d_holy_sepulchre_122;Brotherhood of the Holy Sepulchre;;;;;;;;;;;;;x
d_holy_sepulchre_123;Brotherhood of the Holy Sepulchre;;;;;;;;;;;;;x
d_holy_sepulchre_124;Brotherhood of the Holy Sepulchre;;;;;;;;;;;;;x
d_holy_sepulchre_125;Brotherhood of the Holy Sepulchre;;;;;;;;;;;;;x
d_holy_sepulchre_126;Brotherhood of the Holy Sepulchre;;;;;;;;;;;;;x
d_holy_sepulchre_127;Brotherhood of the Holy Sepulchre;;;;;;;;;;;;;x
d_holy_sepulchre_128;Brotherhood of the Holy Sepulchre;;;;;;;;;;;;;x
d_holy_sepulchre_129;Brotherhood of the Holy Sepulchre;;;;;;;;;;;;;x
d_holy_sepulchre_130;Brotherhood of the Holy Sepulchre;;;;;;;;;;;;;x
d_holy_sepulchre_131;Brotherhood of the Holy Sepulchre;;;;;;;;;;;;;x
d_holy_sepulchre_132;Brotherhood of the Holy Sepulchre;;;;;;;;;;;;;x
d_holy_sepulchre_133;Brotherhood of the Holy Sepulchre;;;;;;;;;;;;;x
d_holy_sepulchre_134;Brotherhood of the Holy Sepulchre;;;;;;;;;;;;;x
d_holy_sepulchre_135;Brotherhood of the Holy Sepulchre;;;;;;;;;;;;;x
d_holy_sepulchre_136;Brotherhood of the Holy Sepulchre;;;;;;;;;;;;;x
d_holy_sepulchre_137;Brotherhood of the Holy Sepulchre;;;;;;;;;;;;;x
d_holy_sepulchre_138;Brotherhood of the Holy Sepulchre;;;;;;;;;;;;;x
d_holy_sepulchre_139;Brotherhood of the Holy Sepulchre;;;;;;;;;;;;;x
d_holy_sepulchre_140;Brotherhood of the Holy Sepulchre;;;;;;;;;;;;;x
d_holy_sepulchre_141;Brotherhood of the Holy Sepulchre;;;;;;;;;;;;;x
d_holy_sepulchre_142;Brotherhood of the Holy Sepulchre;;;;;;;;;;;;;x
d_holy_sepulchre_143;Brotherhood of the Holy Sepulchre;;;;;;;;;;;;;x
d_holy_sepulchre_144;Brotherhood of the Holy Sepulchre;;;;;;;;;;;;;x
d_holy_sepulchre_145;Brotherhood of the Holy Sepulchre;;;;;;;;;;;;;x
d_holy_sepulchre_146;Brotherhood of the Holy Sepulchre;;;;;;;;;;;;;x
d_holy_sepulchre_147;Brotherhood of the Holy Sepulchre;;;;;;;;;;;;;x
d_holy_sepulchre_148;Brotherhood of the Holy Sepulchre;;;;;;;;;;;;;x
d_holy_sepulchre_149;Brotherhood of the Holy Sepulchre;;;;;;;;;;;;;x
d_holy_sepulchre_150;Brotherhood of the Holy Sepulchre;;;;;;;;;;;;;x
d_holy_sepulchre_151;Brotherhood of the Holy Sepulchre;;;;;;;;;;;;;x
d_holy_sepulchre_152;Brotherhood of the Holy Sepulchre;;;;;;;;;;;;;x
d_holy_sepulchre_153;Brotherhood of the Holy Sepulchre;;;;;;;;;;;;;x
d_holy_sepulchre_154;Brotherhood of the Holy Sepulchre;;;;;;;;;;;;;x
d_holy_sepulchre_155;Brotherhood of the Holy Sepulchre;;;;;;;;;;;;;x
d_holy_sepulchre_156;Brotherhood of the Holy Sepulchre;;;;;;;;;;;;;x
d_holy_sepulchre_157;Brotherhood of the Holy Sepulchre;;;;;;;;;;;;;x
d_holy_sepulchre_158;Brotherhood of the Holy Sepulchre;;;;;;;;;;;;;x
d_holy_sepulchre_159;Brotherhood of the Holy Sepulchre;;;;;;;;;;;;;x
d_holy_sepulchre_160;Brotherhood of the Holy Sepulchre;;;;;;;;;;;;;x
d_holy_sepulchre_161;Brotherhood of the Holy Sepulchre;;;;;;;;;;;;;x
d_holy_sepulchre_162;Brotherhood of the Holy Sepulchre;;;;;;;;;;;;;x
d_holy_sepulchre_163;Brotherhood of the Holy Sepulchre;;;;;;;;;;;;;x
d_holy_sepulchre_164;Brotherhood of the Holy Sepulchre;;;;;;;;;;;;;x
d_holy_sepulchre_165;Brotherhood of the Holy Sepulchre;;;;;;;;;;;;;x
d_holy_sepulchre_166;Brotherhood of the Holy Sepulchre;;;;;;;;;;;;;x
d_holy_sepulchre_167;Brotherhood of the Holy Sepulchre;;;;;;;;;;;;;x
d_holy_sepulchre_168;Brotherhood of the Holy Sepulchre;;;;;;;;;;;;;x
d_holy_sepulchre_169;Brotherhood of the Holy Sepulchre;;;;;;;;;;;;;x
d_holy_sepulchre_170;Brotherhood of the Holy Sepulchre;;;;;;;;;;;;;x
d_holy_sepulchre_171;Brotherhood of the Holy Sepulchre;;;;;;;;;;;;;x
d_holy_sepulchre_172;Brotherhood of the Holy Sepulchre;;;;;;;;;;;;;x
d_holy_sepulchre_173;Brotherhood of the Holy Sepulchre;;;;;;;;;;;;;x
d_holy_sepulchre_174;Brotherhood of the Holy Sepulchre;;;;;;;;;;;;;x
d_holy_sepulchre_175;Brotherhood of the Holy Sepulchre;;;;;;;;;;;;;x
d_holy_sepulchre_176;Brotherhood of the Holy Sepulchre;;;;;;;;;;;;;x
d_holy_sepulchre_177;Brotherhood of the Holy Sepulchre;;;;;;;;;;;;;x
d_holy_sepulchre_178;Brotherhood of the Holy Sepulchre;;;;;;;;;;;;;x
d_holy_sepulchre_179;Brotherhood of the Holy Sepulchre;;;;;;;;;;;;;x
d_holy_sepulchre_180;Brotherhood of the Holy Sepulchre;;;;;;;;;;;;;x
d_holy_sepulchre_181;Brotherhood of the Holy Sepulchre;;;;;;;;;;;;;x
d_holy_sepulchre_182;Brotherhood of the Holy Sepulchre;;;;;;;;;;;;;x
d_holy_sepulchre_183;Brotherhood of the Holy Sepulchre;;;;;;;;;;;;;x
d_holy_sepulchre_184;Brotherhood of the Holy Sepulchre;;;;;;;;;;;;;x
d_holy_sepulchre_185;Brotherhood of the Holy Sepulchre;;;;;;;;;;;;;x
d_holy_sepulchre_186;Brotherhood of the Holy Sepulchre;;;;;;;;;;;;;x
d_holy_sepulchre_187;Brotherhood of the Holy Sepulchre;;;;;;;;;;;;;x
d_holy_sepulchre_188;Brotherhood of the Holy Sepulchre;;;;;;;;;;;;;x
d_holy_sepulchre_189;Brotherhood of the Holy Sepulchre;;;;;;;;;;;;;x
d_holy_sepulchre_190;Brotherhood of the Holy Sepulchre;;;;;;;;;;;;;x
d_holy_sepulchre_191;Brotherhood of the Holy Sepulchre;;;;;;;;;;;;;x
d_holy_sepulchre_192;Brotherhood of the Holy Sepulchre;;;;;;;;;;;;;x
d_holy_sepulchre_193;Brotherhood of the Holy Sepulchre;;;;;;;;;;;;;x
d_holy_sepulchre_194;Brotherhood of the Holy Sepulchre;;;;;;;;;;;;;x
d_holy_sepulchre_195;Brotherhood of the Holy Sepulchre;;;;;;;;;;;;;x
d_holy_sepulchre_196;Brotherhood of the Holy Sepulchre;;;;;;;;;;;;;x
d_holy_sepulchre_197;Brotherhood of the Holy Sepulchre;;;;;;;;;;;;;x
d_holy_sepulchre_198;Brotherhood of the Holy Sepulchre;;;;;;;;;;;;;x
d_holy_sepulchre_199;Brotherhood of the Holy Sepulchre;;;;;;;;;;;;;x
d_holy_sepulchre_200;Brotherhood of the Holy Sepulchre;;;;;;;;;;;;;x
d_holy_sepulchre_201;Brotherhood of the Holy Sepulchre;;;;;;;;;;;;;x
d_holy_sepulchre_202;Brotherhood of the Holy Sepulchre;;;;;;;;;;;;;x
d_holy_sepulchre_203;Brotherhood of the Holy Sepulchre;;;;;;;;;;;;;x
d_holy_sepulchre_204;Brotherhood of the Holy Sepulchre;;;;;;;;;;;;;x
d_holy_sepulchre_205;Brotherhood of the Holy Sepulchre;;;;;;;;;;;;;x
d_holy_sepulchre_206;Brotherhood of the Holy Sepulchre;;;;;;;;;;;;;x
d_holy_sepulchre_207;Brotherhood of the Holy Sepulchre;;;;;;;;;;;;;x
d_holy_sepulchre_208;Brotherhood of the Holy Sepulchre;;;;;;;;;;;;;x
d_holy_sepulchre_209;Brotherhood of the Holy Sepulchre;;;;;;;;;;;;;x
d_holy_sepulchre_210;Brotherhood of the Holy Sepulchre;;;;;;;;;;;;;x
d_holy_sepulchre_211;Brotherhood of the Holy Sepulchre;;;;;;;;;;;;;x
d_holy_sepulchre_212;Brotherhood of the Holy Sepulchre;;;;;;;;;;;;;x
d_holy_sepulchre_213;Brotherhood of the Holy Sepulchre;;;;;;;;;;;;;x
d_holy_sepulchre_214;Brotherhood of the Holy Sepulchre;;;;;;;;;;;;;x
d_holy_sepulchre_215;Brotherhood of the Holy Sepulchre;;;;;;;;;;;;;x
d_holy_sepulchre_216;Brotherhood of the Holy Sepulchre;;;;;;;;;;;;;x
d_holy_sepulchre_217;Brotherhood of the Holy Sepulchre;;;;;;;;;;;;;x
d_holy_sepulchre_218;Brotherhood of the Holy Sepulchre;;;;;;;;;;;;;x
d_holy_sepulchre_219;Brotherhood of the Holy Sepulchre;;;;;;;;;;;;;x
d_holy_sepulchre_220;Brotherhood of the Holy Sepulchre;;;;;;;;;;;;;x
d_holy_sepulchre_221;Brotherhood of the Holy Sepulchre;;;;;;;;;;;;;x
d_holy_sepulchre_222;Brotherhood of the Holy Sepulchre;;;;;;;;;;;;;x
d_holy_sepulchre_223;Brotherhood of the Holy Sepulchre;;;;;;;;;;;;;x
d_holy_sepulchre_224;Brotherhood of the Holy Sepulchre;;;;;;;;;;;;;x
d_holy_sepulchre_225;Brotherhood of the Holy Sepulchre;;;;;;;;;;;;;x
d_holy_sepulchre_226;Brotherhood of the Holy Sepulchre;;;;;;;;;;;;;x
d_holy_sepulchre_227;Brotherhood of the Holy Sepulchre;;;;;;;;;;;;;x
d_holy_sepulchre_228;Brotherhood of the Holy Sepulchre;;;;;;;;;;;;;x
d_holy_sepulchre_229;Brotherhood of the Holy Sepulchre;;;;;;;;;;;;;x
d_holy_sepulchre_230;Brotherhood of the Holy Sepulchre;;;;;;;;;;;;;x
d_holy_sepulchre_231;Brotherhood of the Holy Sepulchre;;;;;;;;;;;;;x
d_holy_sepulchre_232;Brotherhood of the Holy Sepulchre;;;;;;;;;;;;;x
d_holy_sepulchre_233;Brotherhood of the Holy Sepulchre;;;;;;;;;;;;;x
d_holy_sepulchre_234;Brotherhood of the Holy Sepulchre;;;;;;;;;;;;;x
d_holy_sepulchre_235;Brotherhood of the Holy Sepulchre;;;;;;;;;;;;;x
d_holy_sepulchre_236;Brotherhood of the Holy Sepulchre;;;;;;;;;;;;;x
d_holy_sepulchre_237;Brotherhood of the Holy Sepulchre;;;;;;;;;;;;;x
d_holy_sepulchre_238;Brotherhood of the Holy Sepulchre;;;;;;;;;;;;;x
d_holy_sepulchre_239;Brotherhood of the Holy Sepulchre;;;;;;;;;;;;;x
d_holy_sepulchre_240;Brotherhood of the Holy Sepulchre;;;;;;;;;;;;;x
d_holy_sepulchre_241;Brotherhood of the Holy Sepulchre;;;;;;;;;;;;;x
d_holy_sepulchre_242;Brotherhood of the Holy Sepulchre;;;;;;;;;;;;;x
d_holy_sepulchre_243;Brotherhood of the Holy Sepulchre;;;;;;;;;;;;;x
d_holy_sepulchre_244;Brotherhood of the Holy Sepulchre;;;;;;;;;;;;;x
d_holy_sepulchre_245;Brotherhood of the Holy Sepulchre;;;;;;;;;;;;;x
d_holy_sepulchre_246;Brotherhood of the Holy Sepulchre;;;;;;;;;;;;;x
d_holy_sepulchre_247;Brotherhood of the Holy Sepulchre;;;;;;;;;;;;;x
d_holy_sepulchre_248;Brotherhood of the Holy Sepulchre;;;;;;;;;;;;;x
d_holy_sepulchre_249;Brotherhood of the Holy Sepulchre;;;;;;;;;;;;;x
d_holy_sepulchre_250;Brotherhood of the Holy Sepulchre;;;;;;;;;;;;;x
d_holy_sepulchre_251;Brotherhood of the Holy Sepulchre;;;;;;;;;;;;;x
d_holy_sepulchre_252;Brotherhood of the Holy Sepulchre;;;;;;;;;;;;;x
d_holy_sepulchre_253;Brotherhood of the Holy Sepulchre;;;;;;;;;;;;;x
d_holy_sepulchre_254;Brotherhood of the Holy Sepulchre;;;;;;;;;;;;;x
d_holy_sepulchre_255;Brotherhood of the Holy Sepulchre;;;;;;;;;;;;;x
d_holy_sepulchre_256;Brotherhood of the Holy Sepulchre;;;;;;;;;;;;;x
d_holy_sepulchre_257;Brotherhood of the Holy Sepulchre;;;;;;;;;;;;;x
d_holy_sepulchre_258;Brotherhood of the Holy Sepulchre;;;;;;;;;;;;;x
d_holy_sepulchre_259;Brotherhood of the Holy Sepulchre;;;;;;;;;;;;;x
d_holy_sepulchre_260;Brotherhood of the Holy Sepulchre;;;;;;;;;;;;;x
d_holy_sepulchre_261;Brotherhood of the Holy Sepulchre;;;;;;;;;;;;;x
d_holy_sepulchre_262;Brotherhood of the Holy Sepulchre;;;;;;;;;;;;;x
d_holy_sepulchre_263;Brotherhood of the Holy Sepulchre;;;;;;;;;;;;;x
d_holy_sepulchre_264;Brotherhood of the Holy Sepulchre;;;;;;;;;;;;;x
d_holy_sepulchre_265;Brotherhood of the Holy Sepulchre;;;;;;;;;;;;;x
d_holy_sepulchre_266;Brotherhood of the Holy Sepulchre;;;;;;;;;;;;;x
d_holy_sepulchre_267;Brotherhood of the Holy Sepulchre;;;;;;;;;;;;;x
d_holy_sepulchre_268;Brotherhood of the Holy Sepulchre;;;;;;;;;;;;;x
d_holy_sepulchre_269;Brotherhood of the Holy Sepulchre;;;;;;;;;;;;;x
d_holy_sepulchre_270;Brotherhood of the Holy Sepulchre;;;;;;;;;;;;;x
d_holy_sepulchre_271;Brotherhood of the Holy Sepulchre;;;;;;;;;;;;;x
d_holy_sepulchre_272;Brotherhood of the Holy Sepulchre;;;;;;;;;;;;;x
d_holy_sepulchre_273;Brotherhood of the Holy Sepulchre;;;;;;;;;;;;;x
d_holy_sepulchre_274;Brotherhood of the Holy Sepulchre;;;;;;;;;;;;;x
d_holy_sepulchre_275;Brotherhood of the Holy Sepulchre;;;;;;;;;;;;;x
d_holy_sepulchre_276;Brotherhood of the Holy Sepulchre;;;;;;;;;;;;;x
d_holy_sepulchre_277;Brotherhood of the Holy Sepulchre;;;;;;;;;;;;;x
d_holy_sepulchre_278;Brotherhood of the Holy Sepulchre;;;;;;;;;;;;;x
d_holy_sepulchre_279;Brotherhood of the Holy Sepulchre;;;;;;;;;;;;;x
d_holy_sepulchre_280;Brotherhood of the Holy Sepulchre;;;;;;;;;;;;;x
d_holy_sepulchre_281;Brotherhood of the Holy Sepulchre;;;;;;;;;;;;;x
d_holy_sepulchre_282;Brotherhood of the Holy Sepulchre;;;;;;;;;;;;;x
d_holy_sepulchre_283;Brotherhood of the Holy Sepulchre;;;;;;;;;;;;;x
d_holy_sepulchre_284;Brotherhood of the Holy Sepulchre;;;;;;;;;;;;;x
d_holy_sepulchre_285;Brotherhood of the Holy Sepulchre;;;;;;;;;;;;;x
d_holy_sepulchre_286;Brotherhood of the Holy Sepulchre;;;;;;;;;;;;;x
d_holy_sepulchre_287;Brotherhood of the Holy Sepulchre;;;;;;;;;;;;;x
d_holy_sepulchre_288;Brotherhood of the Holy Sepulchre;;;;;;;;;;;;;x
d_holy_sepulchre_289;Brotherhood of the Holy Sepulchre;;;;;;;;;;;;;x
d_holy_sepulchre_290;Brotherhood of the Holy Sepulchre;;;;;;;;;;;;;x
d_holy_sepulchre_291;Brotherhood of the Holy Sepulchre;;;;;;;;;;;;;x
d_holy_sepulchre_292;Brotherhood of the Holy Sepulchre;;;;;;;;;;;;;x
d_holy_sepulchre_293;Brotherhood of the Holy Sepulchre;;;;;;;;;;;;;x
d_holy_sepulchre_294;Brotherhood of the Holy Sepulchre;;;;;;;;;;;;;x
d_holy_sepulchre_295;Brotherhood of the Holy Sepulchre;;;;;;;;;;;;;x
d_holy_sepulchre_296;Brotherhood of the Holy Sepulchre;;;;;;;;;;;;;x
d_holy_sepulchre_297;Brotherhood of the Holy Sepulchre;;;;;;;;;;;;;x
d_holy_sepulchre_298;Brotherhood of the Holy Sepulchre;;;;;;;;;;;;;x
d_holy_sepulchre_299;Brotherhood of the Holy Sepulchre;;;;;;;;;;;;;x
d_holy_sepulchre_300;Brotherhood of the Holy Sepulchre;;;;;;;;;;;;;x
d_holy_sepulchre_301;Brotherhood of the Holy Sepulchre;;;;;;;;;;;;;x
d_holy_sepulchre_302;Brotherhood of the Holy Sepulchre;;;;;;;;;;;;;x
d_holy_sepulchre_303;Brotherhood of the Holy Sepulchre;;;;;;;;;;;;;x
d_holy_sepulchre_304;Brotherhood of the Holy Sepulchre;;;;;;;;;;;;;x
d_holy_sepulchre_305;Brotherhood of the Holy Sepulchre;;;;;;;;;;;;;x
d_holy_sepulchre_306;Brotherhood of the Holy Sepulchre;;;;;;;;;;;;;x
d_holy_sepulchre_307;Brotherhood of the Holy Sepulchre;;;;;;;;;;;;;x
d_holy_sepulchre_308;Brotherhood of the Holy Sepulchre;;;;;;;;;;;;;x
d_holy_sepulchre_309;Brotherhood of the Holy Sepulchre;;;;;;;;;;;;;x
d_holy_sepulchre_310;Brotherhood of the Holy Sepulchre;;;;;;;;;;;;;x
d_holy_sepulchre_311;Brotherhood of the Holy Sepulchre;;;;;;;;;;;;;x
d_holy_sepulchre_312;Brotherhood of the Holy Sepulchre;;;;;;;;;;;;;x
d_holy_sepulchre_313;Brotherhood of the Holy Sepulchre;;;;;;;;;;;;;x
d_holy_sepulchre_314;Brotherhood of the Holy Sepulchre;;;;;;;;;;;;;x
d_holy_sepulchre_315;Brotherhood of the Holy Sepulchre;;;;;;;;;;;;;x
d_holy_sepulchre_316;Brotherhood of the Holy Sepulchre;;;;;;;;;;;;;x
d_holy_sepulchre_317;Brotherhood of the Holy Sepulchre;;;;;;;;;;;;;x
d_holy_sepulchre_318;Brotherhood of the Holy Sepulchre;;;;;;;;;;;;;x
d_holy_sepulchre_319;Brotherhood of the Holy Sepulchre;;;;;;;;;;;;;x
d_holy_sepulchre_320;Brotherhood of the Holy Sepulchre;;;;;;;;;;;;;x
d_holy_sepulchre_321;Brotherhood of the Holy Sepulchre;;;;;;;;;;;;;x
d_holy_sepulchre_322;Brotherhood of the Holy Sepulchre;;;;;;;;;;;;;x
d_holy_sepulchre_323;Brotherhood of the Holy Sepulchre;;;;;;;;;;;;;x
d_holy_sepulchre_324;Brotherhood of the Holy Sepulchre;;;;;;;;;;;;;x
d_holy_sepulchre_325;Brotherhood of the Holy Sepulchre;;;;;;;;;;;;;x
d_holy_sepulchre_326;Brotherhood of the Holy Sepulchre;;;;;;;;;;;;;x
d_holy_sepulchre_327;Brotherhood of the Holy Sepulchre;;;;;;;;;;;;;x
d_holy_sepulchre_328;Brotherhood of the Holy Sepulchre;;;;;;;;;;;;;x
d_holy_sepulchre_329;Brotherhood of the Holy Sepulchre;;;;;;;;;;;;;x
d_holy_sepulchre_330;Brotherhood of the Holy Sepulchre;;;;;;;;;;;;;x
d_holy_sepulchre_331;Brotherhood of the Holy Sepulchre;;;;;;;;;;;;;x
d_holy_sepulchre_332;Brotherhood of the Holy Sepulchre;;;;;;;;;;;;;x
d_holy_sepulchre_333;Brotherhood of the Holy Sepulchre;;;;;;;;;;;;;x
d_holy_sepulchre_334;Brotherhood of the Holy Sepulchre;;;;;;;;;;;;;x
d_holy_sepulchre_335;Brotherhood of the Holy Sepulchre;;;;;;;;;;;;;x
d_holy_sepulchre_336;Brotherhood of the Holy Sepulchre;;;;;;;;;;;;;x
d_holy_sepulchre_337;Brotherhood of the Holy Sepulchre;;;;;;;;;;;;;x
d_holy_sepulchre_338;Brotherhood of the Holy Sepulchre;;;;;;;;;;;;;x
d_holy_sepulchre_339;Brotherhood of the Holy Sepulchre;;;;;;;;;;;;;x
d_holy_sepulchre_340;Brotherhood of the Holy Sepulchre;;;;;;;;;;;;;x
d_holy_sepulchre_341;Brotherhood of the Holy Sepulchre;;;;;;;;;;;;;x
d_holy_sepulchre_342;Brotherhood of the Holy Sepulchre;;;;;;;;;;;;;x
d_holy_sepulchre_343;Brotherhood of the Holy Sepulchre;;;;;;;;;;;;;x
d_holy_sepulchre_344;Brotherhood of the Holy Sepulchre;;;;;;;;;;;;;x
d_holy_sepulchre_345;Brotherhood of the Holy Sepulchre;;;;;;;;;;;;;x
d_holy_sepulchre_346;Brotherhood of the Holy Sepulchre;;;;;;;;;;;;;x
d_holy_sepulchre_347;Brotherhood of the Holy Sepulchre;;;;;;;;;;;;;x
d_holy_sepulchre_348;Brotherhood of the Holy Sepulchre;;;;;;;;;;;;;x
d_holy_sepulchre_349;Brotherhood of the Holy Sepulchre;;;;;;;;;;;;;x
d_holy_sepulchre_350;Brotherhood of the Holy Sepulchre;;;;;;;;;;;;;x
d_holy_sepulchre_351;Brotherhood of the Holy Sepulchre;;;;;;;;;;;;;x
d_holy_sepulchre_352;Brotherhood of the Holy Sepulchre;;;;;;;;;;;;;x
d_holy_sepulchre_353;Brotherhood of the Holy Sepulchre;;;;;;;;;;;;;x
d_holy_sepulchre_354;Brotherhood of the Holy Sepulchre;;;;;;;;;;;;;x
d_holy_sepulchre_355;Brotherhood of the Holy Sepulchre;;;;;;;;;;;;;x
d_holy_sepulchre_356;Brotherhood of the Holy Sepulchre;;;;;;;;;;;;;x
d_holy_sepulchre_357;Brotherhood of the Holy Sepulchre;;;;;;;;;;;;;x
d_holy_sepulchre_358;Brotherhood of the Holy Sepulchre;;;;;;;;;;;;;x
d_holy_sepulchre_359;Brotherhood of the Holy Sepulchre;;;;;;;;;;;;;x
d_holy_sepulchre_360;Brotherhood of the Holy Sepulchre;;;;;;;;;;;;;x
d_holy_sepulchre_361;Brotherhood of the Holy Sepulchre;;;;;;;;;;;;;x
d_holy_sepulchre_362;Brotherhood of the Holy Sepulchre;;;;;;;;;;;;;x
d_holy_sepulchre_363;Brotherhood of the Holy Sepulchre;;;;;;;;;;;;;x
d_holy_sepulchre_364;Brotherhood of the Holy Sepulchre;;;;;;;;;;;;;x
d_holy_sepulchre_365;Brotherhood of the Holy Sepulchre;;;;;;;;;;;;;x
d_holy_sepulchre_366;Brotherhood of the Holy Sepulchre;;;;;;;;;;;;;x
d_holy_sepulchre_367;Brotherhood of the Holy Sepulchre;;;;;;;;;;;;;x
d_holy_sepulchre_368;Brotherhood of the Holy Sepulchre;;;;;;;;;;;;;x
d_holy_sepulchre_369;Brotherhood of the Holy Sepulchre;;;;;;;;;;;;;x
d_holy_sepulchre_370;Brotherhood of the Holy Sepulchre;;;;;;;;;;;;;x
d_holy_sepulchre_371;Brotherhood of the Holy Sepulchre;;;;;;;;;;;;;x
d_holy_sepulchre_372;Brotherhood of the Holy Sepulchre;;;;;;;;;;;;;x
d_holy_sepulchre_373;Brotherhood of the Holy Sepulchre;;;;;;;;;;;;;x
d_holy_sepulchre_374;Brotherhood of the Holy Sepulchre;;;;;;;;;;;;;x
d_holy_sepulchre_375;Brotherhood of the Holy Sepulchre;;;;;;;;;;;;;x
d_holy_sepulchre_376;Brotherhood of the Holy Sepulchre;;;;;;;;;;;;;x
d_holy_sepulchre_377;Brotherhood of the Holy Sepulchre;;;;;;;;;;;;;x
d_holy_sepulchre_378;Brotherhood of the Holy Sepulchre;;;;;;;;;;;;;x
d_holy_sepulchre_379;Brotherhood of the Holy Sepulchre;;;;;;;;;;;;;x
d_holy_sepulchre_380;Brotherhood of the Holy Sepulchre;;;;;;;;;;;;;x
d_holy_sepulchre_381;Brotherhood of the Holy Sepulchre;;;;;;;;;;;;;x
d_holy_sepulchre_382;Brotherhood of the Holy Sepulchre;;;;;;;;;;;;;x
d_holy_sepulchre_383;Brotherhood of the Holy Sepulchre;;;;;;;;;;;;;x
d_holy_sepulchre_384;Brotherhood of the Holy Sepulchre;;;;;;;;;;;;;x
d_holy_sepulchre_385;Brotherhood of the Holy Sepulchre;;;;;;;;;;;;;x
d_holy_sepulchre_386;Brotherhood of the Holy Sepulchre;;;;;;;;;;;;;x
d_holy_sepulchre_387;Brotherhood of the Holy Sepulchre;;;;;;;;;;;;;x
d_holy_sepulchre_388;Brotherhood of the Holy Sepulchre;;;;;;;;;;;;;x
d_holy_sepulchre_389;Brotherhood of the Holy Sepulchre;;;;;;;;;;;;;x
d_holy_sepulchre_390;Brotherhood of the Holy Sepulchre;;;;;;;;;;;;;x
d_holy_sepulchre_391;Brotherhood of the Holy Sepulchre;;;;;;;;;;;;;x
d_holy_sepulchre_392;Brotherhood of the Holy Sepulchre;;;;;;;;;;;;;x
d_holy_sepulchre_393;Brotherhood of the Holy Sepulchre;;;;;;;;;;;;;x
d_holy_sepulchre_394;Brotherhood of the Holy Sepulchre;;;;;;;;;;;;;x
d_holy_sepulchre_395;Brotherhood of the Holy Sepulchre;;;;;;;;;;;;;x
d_holy_sepulchre_396;Brotherhood of the Holy Sepulchre;;;;;;;;;;;;;x
d_holy_sepulchre_397;Brotherhood of the Holy Sepulchre;;;;;;;;;;;;;x
d_holy_sepulchre_398;Brotherhood of the Holy Sepulchre;;;;;;;;;;;;;x
d_holy_sepulchre_399;Brotherhood of the Holy Sepulchre;;;;;;;;;;;;;x
d_holy_sepulchre_400;Brotherhood of the Holy Sepulchre;;;;;;;;;;;;;x
d_holy_sepulchre_401;Brotherhood of the Holy Sepulchre;;;;;;;;;;;;;x
d_holy_sepulchre_402;Brotherhood of the Holy Sepulchre;;;;;;;;;;;;;x
d_holy_sepulchre_403;Brotherhood of the Holy Sepulchre;;;;;;;;;;;;;x
d_holy_sepulchre_404;Brotherhood of the Holy Sepulchre;;;;;;;;;;;;;x
d_holy_sepulchre_405;Brotherhood of the Holy Sepulchre;;;;;;;;;;;;;x
d_holy_sepulchre_406;Brotherhood of the Holy Sepulchre;;;;;;;;;;;;;x
d_holy_sepulchre_407;Brotherhood of the Holy Sepulchre;;;;;;;;;;;;;x
d_holy_sepulchre_408;Brotherhood of the Holy Sepulchre;;;;;;;;;;;;;x
d_holy_sepulchre_409;Brotherhood of the Holy Sepulchre;;;;;;;;;;;;;x
d_holy_sepulchre_410;Brotherhood of the Holy Sepulchre;;;;;;;;;;;;;x
d_holy_sepulchre_411;Brotherhood of the Holy Sepulchre;;;;;;;;;;;;;x
d_holy_sepulchre_412;Brotherhood of the Holy Sepulchre;;;;;;;;;;;;;x
d_holy_sepulchre_413;Brotherhood of the Holy Sepulchre;;;;;;;;;;;;;x
d_holy_sepulchre_414;Brotherhood of the Holy Sepulchre;;;;;;;;;;;;;x
d_holy_sepulchre_415;Brotherhood of the Holy Sepulchre;;;;;;;;;;;;;x
d_holy_sepulchre_416;Brotherhood of the Holy Sepulchre;;;;;;;;;;;;;x
d_holy_sepulchre_417;Brotherhood of the Holy Sepulchre;;;;;;;;;;;;;x
d_holy_sepulchre_418;Brotherhood of the Holy Sepulchre;;;;;;;;;;;;;x
d_holy_sepulchre_419;Brotherhood of the Holy Sepulchre;;;;;;;;;;;;;x
d_holy_sepulchre_420;Brotherhood of the Holy Sepulchre;;;;;;;;;;;;;x
d_holy_sepulchre_421;Brotherhood of the Holy Sepulchre;;;;;;;;;;;;;x
d_holy_sepulchre_422;Brotherhood of the Holy Sepulchre;;;;;;;;;;;;;x
d_holy_sepulchre_423;Brotherhood of the Holy Sepulchre;;;;;;;;;;;;;x
d_holy_sepulchre_424;Brotherhood of the Holy Sepulchre;;;;;;;;;;;;;x
d_holy_sepulchre_425;Brotherhood of the Holy Sepulchre;;;;;;;;;;;;;x
d_holy_sepulchre_426;Brotherhood of the Holy Sepulchre;;;;;;;;;;;;;x
d_holy_sepulchre_427;Brotherhood of the Holy Sepulchre;;;;;;;;;;;;;x
d_holy_sepulchre_428;Brotherhood of the Holy Sepulchre;;;;;;;;;;;;;x
d_holy_sepulchre_429;Brotherhood of the Holy Sepulchre;;;;;;;;;;;;;x
d_holy_sepulchre_430;Brotherhood of the Holy Sepulchre;;;;;;;;;;;;;x
d_holy_sepulchre_431;Brotherhood of the Holy Sepulchre;;;;;;;;;;;;;x
d_holy_sepulchre_432;Brotherhood of the Holy Sepulchre;;;;;;;;;;;;;x
d_holy_sepulchre_433;Brotherhood of the Holy Sepulchre;;;;;;;;;;;;;x
d_holy_sepulchre_434;Brotherhood of the Holy Sepulchre;;;;;;;;;;;;;x
d_holy_sepulchre_435;Brotherhood of the Holy Sepulchre;;;;;;;;;;;;;x
d_holy_sepulchre_436;Brotherhood of the Holy Sepulchre;;;;;;;;;;;;;x
d_holy_sepulchre_437;Brotherhood of the Holy Sepulchre;;;;;;;;;;;;;x
d_holy_sepulchre_438;Brotherhood of the Holy Sepulchre;;;;;;;;;;;;;x
d_holy_sepulchre_439;Brotherhood of the Holy Sepulchre;;;;;;;;;;;;;x
d_holy_sepulchre_440;Brotherhood of the Holy Sepulchre;;;;;;;;;;;;;x
d_holy_sepulchre_441;Brotherhood of the Holy Sepulchre;;;;;;;;;;;;;x
d_holy_sepulchre_442;Brotherhood of the Holy Sepulchre;;;;;;;;;;;;;x
d_holy_sepulchre_443;Brotherhood of the Holy Sepulchre;;;;;;;;;;;;;x
d_holy_sepulchre_444;Brotherhood of the Holy Sepulchre;;;;;;;;;;;;;x
d_holy_sepulchre_445;Brotherhood of the Holy Sepulchre;;;;;;;;;;;;;x
d_holy_sepulchre_446;Brotherhood of the Holy Sepulchre;;;;;;;;;;;;;x
d_holy_sepulchre_447;Brotherhood of the Holy Sepulchre;;;;;;;;;;;;;x
d_holy_sepulchre_448;Brotherhood of the Holy Sepulchre;;;;;;;;;;;;;x
d_holy_sepulchre_449;Brotherhood of the Holy Sepulchre;;;;;;;;;;;;;x
d_holy_sepulchre_450;Brotherhood of the Holy Sepulchre;;;;;;;;;;;;;x
d_holy_sepulchre_451;Brotherhood of the Holy Sepulchre;;;;;;;;;;;;;x
d_holy_sepulchre_452;Brotherhood of the Holy Sepulchre;;;;;;;;;;;;;x
d_holy_sepulchre_453;Brotherhood of the Holy Sepulchre;;;;;;;;;;;;;x
d_holy_sepulchre_454;Brotherhood of the Holy Sepulchre;;;;;;;;;;;;;x
d_holy_sepulchre_455;Brotherhood of the Holy Sepulchre;;;;;;;;;;;;;x
d_holy_sepulchre_456;Brotherhood of the Holy Sepulchre;;;;;;;;;;;;;x
d_holy_sepulchre_457;Brotherhood of the Holy Sepulchre;;;;;;;;;;;;;x
d_holy_sepulchre_458;Brotherhood of the Holy Sepulchre;;;;;;;;;;;;;x
d_holy_sepulchre_459;Brotherhood of the Holy Sepulchre;;;;;;;;;;;;;x
d_holy_sepulchre_460;Brotherhood of the Holy Sepulchre;;;;;;;;;;;;;x
d_holy_sepulchre_461;Brotherhood of the Holy Sepulchre;;;;;;;;;;;;;x
d_holy_sepulchre_462;Brotherhood of the Holy Sepulchre;;;;;;;;;;;;;x
d_holy_sepulchre_463;Brotherhood of the Holy Sepulchre;;;;;;;;;;;;;x
d_holy_sepulchre_464;Brotherhood of the Holy Sepulchre;;;;;;;;;;;;;x
d_holy_sepulchre_465;Brotherhood of the Holy Sepulchre;;;;;;;;;;;;;x
d_holy_sepulchre_466;Brotherhood of the Holy Sepulchre;;;;;;;;;;;;;x
d_holy_sepulchre_467;Brotherhood of the Holy Sepulchre;;;;;;;;;;;;;x
d_holy_sepulchre_468;Brotherhood of the Holy Sepulchre;;;;;;;;;;;;;x
d_holy_sepulchre_469;Brotherhood of the Holy Sepulchre;;;;;;;;;;;;;x
d_holy_sepulchre_470;Brotherhood of the Holy Sepulchre;;;;;;;;;;;;;x
d_holy_sepulchre_471;Brotherhood of the Holy Sepulchre;;;;;;;;;;;;;x
d_holy_sepulchre_472;Brotherhood of the Holy Sepulchre;;;;;;;;;;;;;x
d_holy_sepulchre_473;Brotherhood of the Holy Sepulchre;;;;;;;;;;;;;x
d_holy_sepulchre_474;Brotherhood of the Holy Sepulchre;;;;;;;;;;;;;x
d_holy_sepulchre_475;Brotherhood of the Holy Sepulchre;;;;;;;;;;;;;x
d_holy_sepulchre_476;Brotherhood of the Holy Sepulchre;;;;;;;;;;;;;x
d_holy_sepulchre_477;Brotherhood of the Holy Sepulchre;;;;;;;;;;;;;x
d_holy_sepulchre_478;Brotherhood of the Holy Sepulchre;;;;;;;;;;;;;x
d_holy_sepulchre_479;Brotherhood of the Holy Sepulchre;;;;;;;;;;;;;x
d_holy_sepulchre_480;Brotherhood of the Holy Sepulchre;;;;;;;;;;;;;x
d_holy_sepulchre_481;Brotherhood of the Holy Sepulchre;;;;;;;;;;;;;x
d_holy_sepulchre_482;Brotherhood of the Holy Sepulchre;;;;;;;;;;;;;x
d_holy_sepulchre_483;Brotherhood of the Holy Sepulchre;;;;;;;;;;;;;x
d_holy_sepulchre_484;Brotherhood of the Holy Sepulchre;;;;;;;;;;;;;x
d_holy_sepulchre_485;Brotherhood of the Holy Sepulchre;;;;;;;;;;;;;x
d_holy_sepulchre_486;Brotherhood of the Holy Sepulchre;;;;;;;;;;;;;x
d_holy_sepulchre_487;Brotherhood of the Holy Sepulchre;;;;;;;;;;;;;x
d_holy_sepulchre_488;Brotherhood of the Holy Sepulchre;;;;;;;;;;;;;x
d_holy_sepulchre_489;Brotherhood of the Holy Sepulchre;;;;;;;;;;;;;x
d_holy_sepulchre_490;Brotherhood of the Holy Sepulchre;;;;;;;;;;;;;x
d_holy_sepulchre_491;Brotherhood of the Holy Sepulchre;;;;;;;;;;;;;x
d_holy_sepulchre_492;Brotherhood of the Holy Sepulchre;;;;;;;;;;;;;x
d_holy_sepulchre_493;Brotherhood of the Holy Sepulchre;;;;;;;;;;;;;x
d_holy_sepulchre_494;Brotherhood of the Holy Sepulchre;;;;;;;;;;;;;x
d_holy_sepulchre_495;Brotherhood of the Holy Sepulchre;;;;;;;;;;;;;x
d_holy_sepulchre_496;Brotherhood of the Holy Sepulchre;;;;;;;;;;;;;x
d_holy_sepulchre_497;Brotherhood of the Holy Sepulchre;;;;;;;;;;;;;x
d_holy_sepulchre_498;Brotherhood of the Holy Sepulchre;;;;;;;;;;;;;x
d_holy_sepulchre_499;Brotherhood of the Holy Sepulchre;;;;;;;;;;;;;x
d_holy_sepulchre_500;Brotherhood of the Holy Sepulchre;;;;;;;;;;;;;x
d_holy_sepulchre_501;Brotherhood of the Holy Sepulchre;;;;;;;;;;;;;x
d_holy_sepulchre_502;Brotherhood of the Holy Sepulchre;;;;;;;;;;;;;x
d_holy_sepulchre_503;Brotherhood of the Holy Sepulchre;;;;;;;;;;;;;x
d_holy_sepulchre_504;Brotherhood of the Holy Sepulchre;;;;;;;;;;;;;x
d_holy_sepulchre_505;Brotherhood of the Holy Sepulchre;;;;;;;;;;;;;x
d_holy_sepulchre_506;Brotherhood of the Holy Sepulchre;;;;;;;;;;;;;x
d_holy_sepulchre_507;Brotherhood of the Holy Sepulchre;;;;;;;;;;;;;x
d_holy_sepulchre_508;Brotherhood of the Holy Sepulchre;;;;;;;;;;;;;x
d_holy_sepulchre_509;Brotherhood of the Holy Sepulchre;;;;;;;;;;;;;x
d_holy_sepulchre_510;Brotherhood of the Holy Sepulchre;;;;;;;;;;;;;x
d_holy_sepulchre_511;Brotherhood of the Holy Sepulchre;;;;;;;;;;;;;x
d_holy_sepulchre_512;Brotherhood of the Holy Sepulchre;;;;;;;;;;;;;x
d_holy_sepulchre_513;Brotherhood of the Holy Sepulchre;;;;;;;;;;;;;x
d_holy_sepulchre_514;Brotherhood of the Holy Sepulchre;;;;;;;;;;;;;x
d_holy_sepulchre_515;Brotherhood of the Holy Sepulchre;;;;;;;;;;;;;x
d_holy_sepulchre_516;Brotherhood of the Holy Sepulchre;;;;;;;;;;;;;x
d_holy_sepulchre_517;Brotherhood of the Holy Sepulchre;;;;;;;;;;;;;x
d_holy_sepulchre_518;Brotherhood of the Holy Sepulchre;;;;;;;;;;;;;x
d_holy_sepulchre_519;Brotherhood of the Holy Sepulchre;;;;;;;;;;;;;x
d_holy_sepulchre_520;Brotherhood of the Holy Sepulchre;;;;;;;;;;;;;x
d_holy_sepulchre_521;Brotherhood of the Holy Sepulchre;;;;;;;;;;;;;x
d_holy_sepulchre_522;Brotherhood of the Holy Sepulchre;;;;;;;;;;;;;x
d_holy_sepulchre_523;Brotherhood of the Holy Sepulchre;;;;;;;;;;;;;x
d_holy_sepulchre_524;Brotherhood of the Holy Sepulchre;;;;;;;;;;;;;x
d_holy_sepulchre_525;Brotherhood of the Holy Sepulchre;;;;;;;;;;;;;x
d_holy_sepulchre_526;Brotherhood of the Holy Sepulchre;;;;;;;;;;;;;x
d_holy_sepulchre_527;Brotherhood of the Holy Sepulchre;;;;;;;;;;;;;x
d_holy_sepulchre_528;Brotherhood of the Holy Sepulchre;;;;;;;;;;;;;x
d_holy_sepulchre_529;Brotherhood of the Holy Sepulchre;;;;;;;;;;;;;x
d_holy_sepulchre_530;Brotherhood of the Holy Sepulchre;;;;;;;;;;;;;x
d_holy_sepulchre_531;Brotherhood of the Holy Sepulchre;;;;;;;;;;;;;x
d_holy_sepulchre_532;Brotherhood of the Holy Sepulchre;;;;;;;;;;;;;x
d_holy_sepulchre_533;Brotherhood of the Holy Sepulchre;;;;;;;;;;;;;x
d_holy_sepulchre_534;Brotherhood of the Holy Sepulchre;;;;;;;;;;;;;x
d_holy_sepulchre_535;Brotherhood of the Holy Sepulchre;;;;;;;;;;;;;x
d_holy_sepulchre_536;Brotherhood of the Holy Sepulchre;;;;;;;;;;;;;x
d_holy_sepulchre_537;Brotherhood of the Holy Sepulchre;;;;;;;;;;;;;x
d_holy_sepulchre_538;Brotherhood of the Holy Sepulchre;;;;;;;;;;;;;x
d_holy_sepulchre_539;Brotherhood of the Holy Sepulchre;;;;;;;;;;;;;x
d_holy_sepulchre_540;Brotherhood of the Holy Sepulchre;;;;;;;;;;;;;x
d_holy_sepulchre_541;Brotherhood of the Holy Sepulchre;;;;;;;;;;;;;x
d_holy_sepulchre_542;Brotherhood of the Holy Sepulchre;;;;;;;;;;;;;x
d_holy_sepulchre_543;Brotherhood of the Holy Sepulchre;;;;;;;;;;;;;x
d_holy_sepulchre_544;Brotherhood of the Holy Sepulchre;;;;;;;;;;;;;x
d_holy_sepulchre_545;Brotherhood of the Holy Sepulchre;;;;;;;;;;;;;x
d_holy_sepulchre_546;Brotherhood of the Holy Sepulchre;;;;;;;;;;;;;x
d_holy_sepulchre_547;Brotherhood of the Holy Sepulchre;;;;;;;;;;;;;x
d_holy_sepulchre_548;Brotherhood of the Holy Sepulchre;;;;;;;;;;;;;x
d_holy_sepulchre_549;Brotherhood of the Holy Sepulchre;;;;;;;;;;;;;x
d_holy_sepulchre_550;Brotherhood of the Holy Sepulchre;;;;;;;;;;;;;x
d_holy_sepulchre_551;Brotherhood of the Holy Sepulchre;;;;;;;;;;;;;x
d_holy_sepulchre_552;Brotherhood of the Holy Sepulchre;;;;;;;;;;;;;x
d_holy_sepulchre_553;Brotherhood of the Holy Sepulchre;;;;;;;;;;;;;x
d_holy_sepulchre_554;Brotherhood of the Holy Sepulchre;;;;;;;;;;;;;x
d_holy_sepulchre_555;Brotherhood of the Holy Sepulchre;;;;;;;;;;;;;x
d_holy_sepulchre_556;Brotherhood of the Holy Sepulchre;;;;;;;;;;;;;x
d_holy_sepulchre_557;Brotherhood of the Holy Sepulchre;;;;;;;;;;;;;x
d_holy_sepulchre_558;Brotherhood of the Holy Sepulchre;;;;;;;;;;;;;x
d_holy_sepulchre_559;Brotherhood of the Holy Sepulchre;;;;;;;;;;;;;x
d_holy_sepulchre_560;Brotherhood of the Holy Sepulchre;;;;;;;;;;;;;x
d_holy_sepulchre_561;Brotherhood of the Holy Sepulchre;;;;;;;;;;;;;x
d_holy_sepulchre_562;Brotherhood of the Holy Sepulchre;;;;;;;;;;;;;x
d_holy_sepulchre_563;Brotherhood of the Holy Sepulchre;;;;;;;;;;;;;x
d_holy_sepulchre_564;Brotherhood of the Holy Sepulchre;;;;;;;;;;;;;x
d_holy_sepulchre_565;Brotherhood of the Holy Sepulchre;;;;;;;;;;;;;x
d_holy_sepulchre_566;Brotherhood of the Holy Sepulchre;;;;;;;;;;;;;x
d_holy_sepulchre_567;Brotherhood of the Holy Sepulchre;;;;;;;;;;;;;x
d_holy_sepulchre_568;Brotherhood of the Holy Sepulchre;;;;;;;;;;;;;x
d_holy_sepulchre_569;Brotherhood of the Holy Sepulchre;;;;;;;;;;;;;x
d_holy_sepulchre_570;Brotherhood of the Holy Sepulchre;;;;;;;;;;;;;x
d_holy_sepulchre_571;Brotherhood of the Holy Sepulchre;;;;;;;;;;;;;x
d_holy_sepulchre_572;Brotherhood of the Holy Sepulchre;;;;;;;;;;;;;x
d_holy_sepulchre_573;Brotherhood of the Holy Sepulchre;;;;;;;;;;;;;x
d_holy_sepulchre_574;Brotherhood of the Holy Sepulchre;;;;;;;;;;;;;x
d_holy_sepulchre_575;Brotherhood of the Holy Sepulchre;;;;;;;;;;;;;x
d_holy_sepulchre_576;Brotherhood of the Holy Sepulchre;;;;;;;;;;;;;x
d_holy_sepulchre_577;Brotherhood of the Holy Sepulchre;;;;;;;;;;;;;x
d_holy_sepulchre_578;Brotherhood of the Holy Sepulchre;;;;;;;;;;;;;x
d_holy_sepulchre_579;Brotherhood of the Holy Sepulchre;;;;;;;;;;;;;x
d_holy_sepulchre_580;Brotherhood of the Holy Sepulchre;;;;;;;;;;;;;x
d_holy_sepulchre_581;Brotherhood of the Holy Sepulchre;;;;;;;;;;;;;x
d_holy_sepulchre_582;Brotherhood of the Holy Sepulchre;;;;;;;;;;;;;x
d_holy_sepulchre_583;Brotherhood of the Holy Sepulchre;;;;;;;;;;;;;x
d_holy_sepulchre_584;Brotherhood of the Holy Sepulchre;;;;;;;;;;;;;x
d_holy_sepulchre_585;Brotherhood of the Holy Sepulchre;;;;;;;;;;;;;x
d_holy_sepulchre_586;Brotherhood of the Holy Sepulchre;;;;;;;;;;;;;x
d_holy_sepulchre_587;Brotherhood of the Holy Sepulchre;;;;;;;;;;;;;x
d_holy_sepulchre_588;Brotherhood of the Holy Sepulchre;;;;;;;;;;;;;x
d_holy_sepulchre_589;Brotherhood of the Holy Sepulchre;;;;;;;;;;;;;x
d_holy_sepulchre_590;Brotherhood of the Holy Sepulchre;;;;;;;;;;;;;x
d_holy_sepulchre_591;Brotherhood of the Holy Sepulchre;;;;;;;;;;;;;x
d_holy_sepulchre_592;Brotherhood of the Holy Sepulchre;;;;;;;;;;;;;x
d_holy_sepulchre_593;Brotherhood of the Holy Sepulchre;;;;;;;;;;;;;x
d_holy_sepulchre_594;Brotherhood of the Holy Sepulchre;;;;;;;;;;;;;x
d_holy_sepulchre_595;Brotherhood of the Holy Sepulchre;;;;;;;;;;;;;x
d_holy_sepulchre_596;Brotherhood of the Holy Sepulchre;;;;;;;;;;;;;x
d_holy_sepulchre_597;Brotherhood of the Holy Sepulchre;;;;;;;;;;;;;x
d_holy_sepulchre_598;Brotherhood of the Holy Sepulchre;;;;;;;;;;;;;x
d_holy_sepulchre_599;Brotherhood of the Holy Sepulchre;;;;;;;;;;;;;x
d_holy_sepulchre_600;Brotherhood of the Holy Sepulchre;;;;;;;;;;;;;x
d_holy_sepulchre_601;Brotherhood of the Holy Sepulchre;;;;;;;;;;;;;x
d_holy_sepulchre_602;Brotherhood of the Holy Sepulchre;;;;;;;;;;;;;x
d_holy_sepulchre_603;Brotherhood of the Holy Sepulchre;;;;;;;;;;;;;x
d_holy_sepulchre_604;Brotherhood of the Holy Sepulchre;;;;;;;;;;;;;x
d_holy_sepulchre_605;Brotherhood of the Holy Sepulchre;;;;;;;;;;;;;x
d_holy_sepulchre_606;Brotherhood of the Holy Sepulchre;;;;;;;;;;;;;x
d_holy_sepulchre_607;Brotherhood of the Holy Sepulchre;;;;;;;;;;;;;x
d_holy_sepulchre_608;Brotherhood of the Holy Sepulchre;;;;;;;;;;;;;x
d_holy_sepulchre_609;Brotherhood of the Holy Sepulchre;;;;;;;;;;;;;x
d_holy_sepulchre_610;Brotherhood of the Holy Sepulchre;;;;;;;;;;;;;x
d_holy_sepulchre_611;Brotherhood of the Holy Sepulchre;;;;;;;;;;;;;x
d_holy_sepulchre_612;Brotherhood of the Holy Sepulchre;;;;;;;;;;;;;x
d_holy_sepulchre_613;Brotherhood of the Holy Sepulchre;;;;;;;;;;;;;x
d_holy_sepulchre_614;Brotherhood of the Holy Sepulchre;;;;;;;;;;;;;x
d_holy_sepulchre_615;Brotherhood of the Holy Sepulchre;;;;;;;;;;;;;x
d_holy_sepulchre_616;Brotherhood of the Holy Sepulchre;;;;;;;;;;;;;x
d_holy_sepulchre_617;Brotherhood of the Holy Sepulchre;;;;;;;;;;;;;x
d_holy_sepulchre_618;Brotherhood of the Holy Sepulchre;;;;;;;;;;;;;x
d_holy_sepulchre_619;Brotherhood of the Holy Sepulchre;;;;;;;;;;;;;x
d_holy_sepulchre_620;Brotherhood of the Holy Sepulchre;;;;;;;;;;;;;x
d_holy_sepulchre_621;Brotherhood of the Holy Sepulchre;;;;;;;;;;;;;x
d_holy_sepulchre_622;Brotherhood of the Holy Sepulchre;;;;;;;;;;;;;x
d_holy_sepulchre_623;Brotherhood of the Holy Sepulchre;;;;;;;;;;;;;x
d_holy_sepulchre_624;Brotherhood of the Holy Sepulchre;;;;;;;;;;;;;x
d_holy_sepulchre_625;Brotherhood of the Holy Sepulchre;;;;;;;;;;;;;x
d_holy_sepulchre_626;Brotherhood of the Holy Sepulchre;;;;;;;;;;;;;x
d_holy_sepulchre_627;Brotherhood of the Holy Sepulchre;;;;;;;;;;;;;x
d_holy_sepulchre_628;Brotherhood of the Holy Sepulchre;;;;;;;;;;;;;x
d_holy_sepulchre_629;Brotherhood of the Holy Sepulchre;;;;;;;;;;;;;x
d_holy_sepulchre_630;Brotherhood of the Holy Sepulchre;;;;;;;;;;;;;x
d_holy_sepulchre_631;Brotherhood of the Holy Sepulchre;;;;;;;;;;;;;x
d_holy_sepulchre_632;Brotherhood of the Holy Sepulchre;;;;;;;;;;;;;x
d_holy_sepulchre_633;Brotherhood of the Holy Sepulchre;;;;;;;;;;;;;x
d_holy_sepulchre_634;Brotherhood of the Holy Sepulchre;;;;;;;;;;;;;x
d_holy_sepulchre_635;Brotherhood of the Holy Sepulchre;;;;;;;;;;;;;x
d_holy_sepulchre_636;Brotherhood of the Holy Sepulchre;;;;;;;;;;;;;x
d_holy_sepulchre_637;Brotherhood of the Holy Sepulchre;;;;;;;;;;;;;x
d_holy_sepulchre_638;Brotherhood of the Holy Sepulchre;;;;;;;;;;;;;x
d_holy_sepulchre_639;Brotherhood of the Holy Sepulchre;;;;;;;;;;;;;x
d_holy_sepulchre_640;Brotherhood of the Holy Sepulchre;;;;;;;;;;;;;x
d_holy_sepulchre_641;Brotherhood of the Holy Sepulchre;;;;;;;;;;;;;x
d_holy_sepulchre_642;Brotherhood of the Holy Sepulchre;;;;;;;;;;;;;x
d_holy_sepulchre_643;Brotherhood of the Holy Sepulchre;;;;;;;;;;;;;x
d_holy_sepulchre_644;Brotherhood of the Holy Sepulchre;;;;;;;;;;;;;x
d_holy_sepulchre_645;Brotherhood of the Holy Sepulchre;;;;;;;;;;;;;x
d_holy_sepulchre_646;Brotherhood of the Holy Sepulchre;;;;;;;;;;;;;x
d_holy_sepulchre_647;Brotherhood of the Holy Sepulchre;;;;;;;;;;;;;x
d_holy_sepulchre_648;Brotherhood of the Holy Sepulchre;;;;;;;;;;;;;x
d_holy_sepulchre_649;Brotherhood of the Holy Sepulchre;;;;;;;;;;;;;x
d_holy_sepulchre_650;Brotherhood of the Holy Sepulchre;;;;;;;;;;;;;x
d_holy_sepulchre_651;Brotherhood of the Holy Sepulchre;;;;;;;;;;;;;x
d_holy_sepulchre_652;Brotherhood of the Holy Sepulchre;;;;;;;;;;;;;x
d_holy_sepulchre_653;Brotherhood of the Holy Sepulchre;;;;;;;;;;;;;x
d_holy_sepulchre_654;Brotherhood of the Holy Sepulchre;;;;;;;;;;;;;x
d_holy_sepulchre_655;Brotherhood of the Holy Sepulchre;;;;;;;;;;;;;x
d_holy_sepulchre_656;Brotherhood of the Holy Sepulchre;;;;;;;;;;;;;x
d_holy_sepulchre_657;Brotherhood of the Holy Sepulchre;;;;;;;;;;;;;x
d_holy_sepulchre_658;Brotherhood of the Holy Sepulchre;;;;;;;;;;;;;x
d_holy_sepulchre_659;Brotherhood of the Holy Sepulchre;;;;;;;;;;;;;x
d_holy_sepulchre_660;Brotherhood of the Holy Sepulchre;;;;;;;;;;;;;x
d_holy_sepulchre_661;Brotherhood of the Holy Sepulchre;;;;;;;;;;;;;x
d_holy_sepulchre_662;Brotherhood of the Holy Sepulchre;;;;;;;;;;;;;x
d_holy_sepulchre_663;Brotherhood of the Holy Sepulchre;;;;;;;;;;;;;x
d_holy_sepulchre_664;Brotherhood of the Holy Sepulchre;;;;;;;;;;;;;x
d_holy_sepulchre_665;Brotherhood of the Holy Sepulchre;;;;;;;;;;;;;x
d_holy_sepulchre_666;Brotherhood of the Holy Sepulchre;;;;;;;;;;;;;x
d_holy_sepulchre_667;Brotherhood of the Holy Sepulchre;;;;;;;;;;;;;x
d_holy_sepulchre_668;Brotherhood of the Holy Sepulchre;;;;;;;;;;;;;x
d_holy_sepulchre_669;Brotherhood of the Holy Sepulchre;;;;;;;;;;;;;x
d_holy_sepulchre_670;Brotherhood of the Holy Sepulchre;;;;;;;;;;;;;x
d_holy_sepulchre_671;Brotherhood of the Holy Sepulchre;;;;;;;;;;;;;x
d_holy_sepulchre_672;Brotherhood of the Holy Sepulchre;;;;;;;;;;;;;x
d_holy_sepulchre_673;Brotherhood of the Holy Sepulchre;;;;;;;;;;;;;x
d_holy_sepulchre_674;Brotherhood of the Holy Sepulchre;;;;;;;;;;;;;x
d_holy_sepulchre_675;Brotherhood of the Holy Sepulchre;;;;;;;;;;;;;x
d_holy_sepulchre_676;Brotherhood of the Holy Sepulchre;;;;;;;;;;;;;x
d_holy_sepulchre_677;Brotherhood of the Holy Sepulchre;;;;;;;;;;;;;x
d_holy_sepulchre_678;Brotherhood of the Holy Sepulchre;;;;;;;;;;;;;x
d_holy_sepulchre_679;Brotherhood of the Holy Sepulchre;;;;;;;;;;;;;x
d_holy_sepulchre_680;Brotherhood of the Holy Sepulchre;;;;;;;;;;;;;x
d_holy_sepulchre_681;Brotherhood of the Holy Sepulchre;;;;;;;;;;;;;x
d_holy_sepulchre_682;Brotherhood of the Holy Sepulchre;;;;;;;;;;;;;x
d_holy_sepulchre_683;Brotherhood of the Holy Sepulchre;;;;;;;;;;;;;x
d_holy_sepulchre_684;Brotherhood of the Holy Sepulchre;;;;;;;;;;;;;x
d_holy_sepulchre_685;Brotherhood of the Holy Sepulchre;;;;;;;;;;;;;x
d_holy_sepulchre_686;Brotherhood of the Holy Sepulchre;;;;;;;;;;;;;x
d_holy_sepulchre_687;Brotherhood of the Holy Sepulchre;;;;;;;;;;;;;x
d_holy_sepulchre_688;Brotherhood of the Holy Sepulchre;;;;;;;;;;;;;x
d_holy_sepulchre_689;Brotherhood of the Holy Sepulchre;;;;;;;;;;;;;x
d_holy_sepulchre_690;Brotherhood of the Holy Sepulchre;;;;;;;;;;;;;x
d_holy_sepulchre_691;Brotherhood of the Holy Sepulchre;;;;;;;;;;;;;x
d_holy_sepulchre_692;Brotherhood of the Holy Sepulchre;;;;;;;;;;;;;x
d_holy_sepulchre_693;Brotherhood of the Holy Sepulchre;;;;;;;;;;;;;x
d_holy_sepulchre_694;Brotherhood of the Holy Sepulchre;;;;;;;;;;;;;x
d_holy_sepulchre_695;Brotherhood of the Holy Sepulchre;;;;;;;;;;;;;x
d_holy_sepulchre_696;Brotherhood of the Holy Sepulchre;;;;;;;;;;;;;x
d_holy_sepulchre_697;Brotherhood of the Holy Sepulchre;;;;;;;;;;;;;x
d_holy_sepulchre_698;Brotherhood of the Holy Sepulchre;;;;;;;;;;;;;x
d_holy_sepulchre_699;Brotherhood of the Holy Sepulchre;;;;;;;;;;;;;x
d_holy_sepulchre_700;Brotherhood of the Holy Sepulchre;;;;;;;;;;;;;x
d_holy_sepulchre_701;Brotherhood of the Holy Sepulchre;;;;;;;;;;;;;x
d_holy_sepulchre_702;Brotherhood of the Holy Sepulchre;;;;;;;;;;;;;x
d_holy_sepulchre_703;Brotherhood of the Holy Sepulchre;;;;;;;;;;;;;x
d_holy_sepulchre_704;Brotherhood of the Holy Sepulchre;;;;;;;;;;;;;x
d_holy_sepulchre_705;Brotherhood of the Holy Sepulchre;;;;;;;;;;;;;x
d_holy_sepulchre_706;Brotherhood of the Holy Sepulchre;;;;;;;;;;;;;x
d_holy_sepulchre_707;Brotherhood of the Holy Sepulchre;;;;;;;;;;;;;x
d_holy_sepulchre_708;Brotherhood of the Holy Sepulchre;;;;;;;;;;;;;x
d_holy_sepulchre_709;Brotherhood of the Holy Sepulchre;;;;;;;;;;;;;x
d_holy_sepulchre_710;Brotherhood of the Holy Sepulchre;;;;;;;;;;;;;x
d_holy_sepulchre_711;Brotherhood of the Holy Sepulchre;;;;;;;;;;;;;x
d_holy_sepulchre_712;Brotherhood of the Holy Sepulchre;;;;;;;;;;;;;x
d_holy_sepulchre_713;Brotherhood of the Holy Sepulchre;;;;;;;;;;;;;x
d_holy_sepulchre_714;Brotherhood of the Holy Sepulchre;;;;;;;;;;;;;x
d_holy_sepulchre_715;Brotherhood of the Holy Sepulchre;;;;;;;;;;;;;x
d_holy_sepulchre_716;Brotherhood of the Holy Sepulchre;;;;;;;;;;;;;x
d_holy_sepulchre_717;Brotherhood of the Holy Sepulchre;;;;;;;;;;;;;x
d_holy_sepulchre_718;Brotherhood of the Holy Sepulchre;;;;;;;;;;;;;x
d_holy_sepulchre_719;Brotherhood of the Holy Sepulchre;;;;;;;;;;;;;x
d_holy_sepulchre_720;Brotherhood of the Holy Sepulchre;;;;;;;;;;;;;x
d_holy_sepulchre_721;Brotherhood of the Holy Sepulchre;;;;;;;;;;;;;x
d_holy_sepulchre_722;Brotherhood of the Holy Sepulchre;;;;;;;;;;;;;x
d_holy_sepulchre_723;Brotherhood of the Holy Sepulchre;;;;;;;;;;;;;x
d_holy_sepulchre_724;Brotherhood of the Holy Sepulchre;;;;;;;;;;;;;x
d_holy_sepulchre_725;Brotherhood of the Holy Sepulchre;;;;;;;;;;;;;x
d_holy_sepulchre_726;Brotherhood of the Holy Sepulchre;;;;;;;;;;;;;x
d_holy_sepulchre_727;Brotherhood of the Holy Sepulchre;;;;;;;;;;;;;x
d_holy_sepulchre_728;Brotherhood of the Holy Sepulchre;;;;;;;;;;;;;x
d_holy_sepulchre_729;Brotherhood of the Holy Sepulchre;;;;;;;;;;;;;x
d_holy_sepulchre_730;Brotherhood of the Holy Sepulchre;;;;;;;;;;;;;x
d_holy_sepulchre_731;Brotherhood of the Holy Sepulchre;;;;;;;;;;;;;x
d_holy_sepulchre_732;Brotherhood of the Holy Sepulchre;;;;;;;;;;;;;x
d_holy_sepulchre_733;Brotherhood of the Holy Sepulchre;;;;;;;;;;;;;x
d_holy_sepulchre_734;Brotherhood of the Holy Sepulchre;;;;;;;;;;;;;x
d_holy_sepulchre_735;Brotherhood of the Holy Sepulchre;;;;;;;;;;;;;x
d_holy_sepulchre_736;Brotherhood of the Holy Sepulchre;;;;;;;;;;;;;x
d_holy_sepulchre_737;Brotherhood of the Holy Sepulchre;;;;;;;;;;;;;x
d_holy_sepulchre_738;Brotherhood of the Holy Sepulchre;;;;;;;;;;;;;x
d_holy_sepulchre_739;Brotherhood of the Holy Sepulchre;;;;;;;;;;;;;x
d_holy_sepulchre_740;Brotherhood of the Holy Sepulchre;;;;;;;;;;;;;x
d_holy_sepulchre_741;Brotherhood of the Holy Sepulchre;;;;;;;;;;;;;x
d_holy_sepulchre_742;Brotherhood of the Holy Sepulchre;;;;;;;;;;;;;x
d_holy_sepulchre_743;Brotherhood of the Holy Sepulchre;;;;;;;;;;;;;x
d_holy_sepulchre_744;Brotherhood of the Holy Sepulchre;;;;;;;;;;;;;x
d_holy_sepulchre_745;Brotherhood of the Holy Sepulchre;;;;;;;;;;;;;x
d_holy_sepulchre_746;Brotherhood of the Holy Sepulchre;;;;;;;;;;;;;x
d_holy_sepulchre_747;Brotherhood of the Holy Sepulchre;;;;;;;;;;;;;x
d_holy_sepulchre_748;Brotherhood of the Holy Sepulchre;;;;;;;;;;;;;x
d_holy_sepulchre_749;Brotherhood of the Holy Sepulchre;;;;;;;;;;;;;x
d_holy_sepulchre_750;Brotherhood of the Holy Sepulchre;;;;;;;;;;;;;x
d_holy_sepulchre_751;Brotherhood of the Holy Sepulchre;;;;;;;;;;;;;x
d_holy_sepulchre_752;Brotherhood of the Holy Sepulchre;;;;;;;;;;;;;x
d_holy_sepulchre_753;Brotherhood of the Holy Sepulchre;;;;;;;;;;;;;x
d_holy_sepulchre_754;Brotherhood of the Holy Sepulchre;;;;;;;;;;;;;x
d_holy_sepulchre_755;Brotherhood of the Holy Sepulchre;;;;;;;;;;;;;x
d_holy_sepulchre_756;Brotherhood of the Holy Sepulchre;;;;;;;;;;;;;x
d_holy_sepulchre_757;Brotherhood of the Holy Sepulchre;;;;;;;;;;;;;x
d_holy_sepulchre_758;Brotherhood of the Holy Sepulchre;;;;;;;;;;;;;x
d_holy_sepulchre_759;Brotherhood of the Holy Sepulchre;;;;;;;;;;;;;x
d_holy_sepulchre_760;Brotherhood of the Holy Sepulchre;;;;;;;;;;;;;x
d_holy_sepulchre_761;Brotherhood of the Holy Sepulchre;;;;;;;;;;;;;x
d_holy_sepulchre_762;Brotherhood of the Holy Sepulchre;;;;;;;;;;;;;x
d_holy_sepulchre_763;Brotherhood of the Holy Sepulchre;;;;;;;;;;;;;x
d_holy_sepulchre_764;Brotherhood of the Holy Sepulchre;;;;;;;;;;;;;x
d_holy_sepulchre_765;Brotherhood of the Holy Sepulchre;;;;;;;;;;;;;x
d_holy_sepulchre_766;Brotherhood of the Holy Sepulchre;;;;;;;;;;;;;x
d_holy_sepulchre_767;Brotherhood of the Holy Sepulchre;;;;;;;;;;;;;x
d_holy_sepulchre_768;Brotherhood of the Holy Sepulchre;;;;;;;;;;;;;x
d_holy_sepulchre_769;Brotherhood of the Holy Sepulchre;;;;;;;;;;;;;x
d_holy_sepulchre_770;Brotherhood of the Holy Sepulchre;;;;;;;;;;;;;x
d_holy_sepulchre_771;Brotherhood of the Holy Sepulchre;;;;;;;;;;;;;x
d_holy_sepulchre_772;Brotherhood of the Holy Sepulchre;;;;;;;;;;;;;x
d_holy_sepulchre_773;Brotherhood of the Holy Sepulchre;;;;;;;;;;;;;x
d_holy_sepulchre_774;Brotherhood of the Holy Sepulchre;;;;;;;;;;;;;x
d_holy_sepulchre_775;Brotherhood of the Holy Sepulchre;;;;;;;;;;;;;x
d_holy_sepulchre_776;Brotherhood of the Holy Sepulchre;;;;;;;;;;;;;x
d_holy_sepulchre_777;Brotherhood of the Holy Sepulchre;;;;;;;;;;;;;x
d_holy_sepulchre_778;Brotherhood of the Holy Sepulchre;;;;;;;;;;;;;x
d_holy_sepulchre_779;Brotherhood of the Holy Sepulchre;;;;;;;;;;;;;x
d_holy_sepulchre_780;Brotherhood of the Holy Sepulchre;;;;;;;;;;;;;x
d_holy_sepulchre_781;Brotherhood of the Holy Sepulchre;;;;;;;;;;;;;x
d_holy_sepulchre_782;Brotherhood of the Holy Sepulchre;;;;;;;;;;;;;x
d_holy_sepulchre_783;Brotherhood of the Holy Sepulchre;;;;;;;;;;;;;x
d_holy_sepulchre_784;Brotherhood of the Holy Sepulchre;;;;;;;;;;;;;x
d_holy_sepulchre_785;Brotherhood of the Holy Sepulchre;;;;;;;;;;;;;x
d_holy_sepulchre_786;Brotherhood of the Holy Sepulchre;;;;;;;;;;;;;x
d_holy_sepulchre_787;Brotherhood of the Holy Sepulchre;;;;;;;;;;;;;x
d_holy_sepulchre_788;Brotherhood of the Holy Sepulchre;;;;;;;;;;;;;x
d_holy_sepulchre_789;Brotherhood of the Holy Sepulchre;;;;;;;;;;;;;x
d_holy_sepulchre_790;Brotherhood of the Holy Sepulchre;;;;;;;;;;;;;x
d_holy_sepulchre_791;Brotherhood of the Holy Sepulchre;;;;;;;;;;;;;x
d_holy_sepulchre_792;Brotherhood of the Holy Sepulchre;;;;;;;;;;;;;x
d_holy_sepulchre_793;Brotherhood of the Holy Sepulchre;;;;;;;;;;;;;x
d_holy_sepulchre_794;Brotherhood of the Holy Sepulchre;;;;;;;;;;;;;x
d_holy_sepulchre_795;Brotherhood of the Holy Sepulchre;;;;;;;;;;;;;x
d_holy_sepulchre_796;Brotherhood of the Holy Sepulchre;;;;;;;;;;;;;x
d_holy_sepulchre_797;Brotherhood of the Holy Sepulchre;;;;;;;;;;;;;x
d_holy_sepulchre_798;Brotherhood of the Holy Sepulchre;;;;;;;;;;;;;x
d_holy_sepulchre_799;Brotherhood of the Holy Sepulchre;;;;;;;;;;;;;x
d_holy_sepulchre_800;Brotherhood of the Holy Sepulchre;;;;;;;;;;;;;x
d_holy_sepulchre_801;Brotherhood of the Holy Sepulchre;;;;;;;;;;;;;x
d_holy_sepulchre_802;Brotherhood of the Holy Sepulchre;;;;;;;;;;;;;x
d_holy_sepulchre_803;Brotherhood of the Holy Sepulchre;;;;;;;;;;;;;x
d_holy_sepulchre_804;Brotherhood of the Holy Sepulchre;;;;;;;;;;;;;x
d_holy_sepulchre_805;Brotherhood of the Holy Sepulchre;;;;;;;;;;;;;x
d_holy_sepulchre_806;Brotherhood of the Holy Sepulchre;;;;;;;;;;;;;x
d_holy_sepulchre_807;Brotherhood of the Holy Sepulchre;;;;;;;;;;;;;x
d_holy_sepulchre_808;Brotherhood of the Holy Sepulchre;;;;;;;;;;;;;x
d_holy_sepulchre_809;Brotherhood of the Holy Sepulchre;;;;;;;;;;;;;x
d_holy_sepulchre_810;Brotherhood of the Holy Sepulchre;;;;;;;;;;;;;x
d_holy_sepulchre_811;Brotherhood of the Holy Sepulchre;;;;;;;;;;;;;x
d_holy_sepulchre_812;Brotherhood of the Holy Sepulchre;;;;;;;;;;;;;x
d_holy_sepulchre_813;Brotherhood of the Holy Sepulchre;;;;;;;;;;;;;x
d_holy_sepulchre_814;Brotherhood of the Holy Sepulchre;;;;;;;;;;;;;x
d_holy_sepulchre_815;Brotherhood of the Holy Sepulchre;;;;;;;;;;;;;x
d_holy_sepulchre_816;Brotherhood of the Holy Sepulchre;;;;;;;;;;;;;x
d_holy_sepulchre_817;Brotherhood of the Holy Sepulchre;;;;;;;;;;;;;x
d_holy_sepulchre_818;Brotherhood of the Holy Sepulchre;;;;;;;;;;;;;x
d_holy_sepulchre_819;Brotherhood of the Holy Sepulchre;;;;;;;;;;;;;x
d_holy_sepulchre_820;Brotherhood of the Holy Sepulchre;;;;;;;;;;;;;x
d_holy_sepulchre_821;Brotherhood of the Holy Sepulchre;;;;;;;;;;;;;x
d_holy_sepulchre_822;Brotherhood of the Holy Sepulchre;;;;;;;;;;;;;x
d_holy_sepulchre_823;Brotherhood of the Holy Sepulchre;;;;;;;;;;;;;x
d_holy_sepulchre_824;Brotherhood of the Holy Sepulchre;;;;;;;;;;;;;x
d_holy_sepulchre_825;Brotherhood of the Holy Sepulchre;;;;;;;;;;;;;x
d_holy_sepulchre_826;Brotherhood of the Holy Sepulchre;;;;;;;;;;;;;x
d_holy_sepulchre_827;Brotherhood of the Holy Sepulchre;;;;;;;;;;;;;x
d_holy_sepulchre_828;Brotherhood of the Holy Sepulchre;;;;;;;;;;;;;x
d_holy_sepulchre_829;Brotherhood of the Holy Sepulchre;;;;;;;;;;;;;x
d_holy_sepulchre_830;Brotherhood of the Holy Sepulchre;;;;;;;;;;;;;x
d_holy_sepulchre_831;Brotherhood of the Holy Sepulchre;;;;;;;;;;;;;x
d_holy_sepulchre_832;Brotherhood of the Holy Sepulchre;;;;;;;;;;;;;x
d_holy_sepulchre_833;Brotherhood of the Holy Sepulchre;;;;;;;;;;;;;x
d_holy_sepulchre_834;Brotherhood of the Holy Sepulchre;;;;;;;;;;;;;x
d_holy_sepulchre_835;Brotherhood of the Holy Sepulchre;;;;;;;;;;;;;x
d_holy_sepulchre_836;Brotherhood of the Holy Sepulchre;;;;;;;;;;;;;x
d_holy_sepulchre_837;Brotherhood of the Holy Sepulchre;;;;;;;;;;;;;x
d_holy_sepulchre_838;Brotherhood of the Holy Sepulchre;;;;;;;;;;;;;x
d_holy_sepulchre_839;Brotherhood of the Holy Sepulchre;;;;;;;;;;;;;x
d_holy_sepulchre_840;Brotherhood of the Holy Sepulchre;;;;;;;;;;;;;x
d_holy_sepulchre_841;Brotherhood of the Holy Sepulchre;;;;;;;;;;;;;x
d_holy_sepulchre_842;Brotherhood of the Holy Sepulchre;;;;;;;;;;;;;x
d_holy_sepulchre_843;Brotherhood of the Holy Sepulchre;;;;;;;;;;;;;x
d_holy_sepulchre_844;Brotherhood of the Holy Sepulchre;;;;;;;;;;;;;x
d_holy_sepulchre_845;Brotherhood of the Holy Sepulchre;;;;;;;;;;;;;x
d_holy_sepulchre_846;Brotherhood of the Holy Sepulchre;;;;;;;;;;;;;x
d_holy_sepulchre_847;Brotherhood of the Holy Sepulchre;;;;;;;;;;;;;x
d_holy_sepulchre_848;Brotherhood of the Holy Sepulchre;;;;;;;;;;;;;x
d_holy_sepulchre_849;Brotherhood of the Holy Sepulchre;;;;;;;;;;;;;x
d_holy_sepulchre_850;Brotherhood of the Holy Sepulchre;;;;;;;;;;;;;x
d_holy_sepulchre_851;Brotherhood of the Holy Sepulchre;;;;;;;;;;;;;x
d_holy_sepulchre_852;Brotherhood of the Holy Sepulchre;;;;;;;;;;;;;x
d_holy_sepulchre_853;Brotherhood of the Holy Sepulchre;;;;;;;;;;;;;x
d_holy_sepulchre_854;Brotherhood of the Holy Sepulchre;;;;;;;;;;;;;x
d_holy_sepulchre_855;Brotherhood of the Holy Sepulchre;;;;;;;;;;;;;x
d_holy_sepulchre_856;Brotherhood of the Holy Sepulchre;;;;;;;;;;;;;x
d_holy_sepulchre_857;Brotherhood of the Holy Sepulchre;;;;;;;;;;;;;x
d_holy_sepulchre_858;Brotherhood of the Holy Sepulchre;;;;;;;;;;;;;x
d_holy_sepulchre_859;Brotherhood of the Holy Sepulchre;;;;;;;;;;;;;x
d_holy_sepulchre_860;Brotherhood of the Holy Sepulchre;;;;;;;;;;;;;x
d_holy_sepulchre_861;Brotherhood of the Holy Sepulchre;;;;;;;;;;;;;x
d_holy_sepulchre_862;Brotherhood of the Holy Sepulchre;;;;;;;;;;;;;x
d_holy_sepulchre_863;Brotherhood of the Holy Sepulchre;;;;;;;;;;;;;x
d_holy_sepulchre_864;Brotherhood of the Holy Sepulchre;;;;;;;;;;;;;x
d_holy_sepulchre_865;Brotherhood of the Holy Sepulchre;;;;;;;;;;;;;x
d_holy_sepulchre_866;Brotherhood of the Holy Sepulchre;;;;;;;;;;;;;x
d_holy_sepulchre_867;Brotherhood of the Holy Sepulchre;;;;;;;;;;;;;x
d_holy_sepulchre_868;Brotherhood of the Holy Sepulchre;;;;;;;;;;;;;x
d_holy_sepulchre_869;Brotherhood of the Holy Sepulchre;;;;;;;;;;;;;x
d_holy_sepulchre_870;Brotherhood of the Holy Sepulchre;;;;;;;;;;;;;x
d_holy_sepulchre_871;Brotherhood of the Holy Sepulchre;;;;;;;;;;;;;x
d_holy_sepulchre_872;Brotherhood of the Holy Sepulchre;;;;;;;;;;;;;x
d_holy_sepulchre_873;Brotherhood of the Holy Sepulchre;;;;;;;;;;;;;x
d_holy_sepulchre_874;Brotherhood of the Holy Sepulchre;;;;;;;;;;;;;x
d_holy_sepulchre_875;Brotherhood of the Holy Sepulchre;;;;;;;;;;;;;x
d_holy_sepulchre_876;Brotherhood of the Holy Sepulchre;;;;;;;;;;;;;x
d_holy_sepulchre_877;Brotherhood of the Holy Sepulchre;;;;;;;;;;;;;x
d_holy_sepulchre_878;Brotherhood of the Holy Sepulchre;;;;;;;;;;;;;x
d_holy_sepulchre_879;Brotherhood of the Holy Sepulchre;;;;;;;;;;;;;x
d_holy_sepulchre_880;Brotherhood of the Holy Sepulchre;;;;;;;;;;;;;x
d_holy_sepulchre_881;Brotherhood of the Holy Sepulchre;;;;;;;;;;;;;x
d_holy_sepulchre_882;Brotherhood of the Holy Sepulchre;;;;;;;;;;;;;x
d_holy_sepulchre_883;Brotherhood of the Holy Sepulchre;;;;;;;;;;;;;x
d_holy_sepulchre_884;Brotherhood of the Holy Sepulchre;;;;;;;;;;;;;x
d_holy_sepulchre_885;Brotherhood of the Holy Sepulchre;;;;;;;;;;;;;x
d_holy_sepulchre_886;Brotherhood of the Holy Sepulchre;;;;;;;;;;;;;x
d_holy_sepulchre_887;Brotherhood of the Holy Sepulchre;;;;;;;;;;;;;x
d_holy_sepulchre_888;Brotherhood of the Holy Sepulchre;;;;;;;;;;;;;x
d_holy_sepulchre_889;Brotherhood of the Holy Sepulchre;;;;;;;;;;;;;x
d_holy_sepulchre_890;Brotherhood of the Holy Sepulchre;;;;;;;;;;;;;x
d_holy_sepulchre_891;Brotherhood of the Holy Sepulchre;;;;;;;;;;;;;x
d_holy_sepulchre_892;Brotherhood of the Holy Sepulchre;;;;;;;;;;;;;x
d_holy_sepulchre_893;Brotherhood of the Holy Sepulchre;;;;;;;;;;;;;x
d_holy_sepulchre_894;Brotherhood of the Holy Sepulchre;;;;;;;;;;;;;x
d_holy_sepulchre_895;Brotherhood of the Holy Sepulchre;;;;;;;;;;;;;x
d_holy_sepulchre_896;Brotherhood of the Holy Sepulchre;;;;;;;;;;;;;x
d_holy_sepulchre_897;Brotherhood of the Holy Sepulchre;;;;;;;;;;;;;x
d_holy_sepulchre_898;Brotherhood of the Holy Sepulchre;;;;;;;;;;;;;x
d_holy_sepulchre_899;Brotherhood of the Holy Sepulchre;;;;;;;;;;;;;x
d_holy_sepulchre_900;Brotherhood of the Holy Sepulchre;;;;;;;;;;;;;x
d_holy_sepulchre_901;Brotherhood of the Holy Sepulchre;;;;;;;;;;;;;x
d_holy_sepulchre_902;Brotherhood of the Holy Sepulchre;;;;;;;;;;;;;x
d_holy_sepulchre_903;Brotherhood of the Holy Sepulchre;;;;;;;;;;;;;x
d_holy_sepulchre_904;Brotherhood of the Holy Sepulchre;;;;;;;;;;;;;x
d_holy_sepulchre_905;Brotherhood of the Holy Sepulchre;;;;;;;;;;;;;x
d_holy_sepulchre_906;Brotherhood of the Holy Sepulchre;;;;;;;;;;;;;x
d_holy_sepulchre_907;Brotherhood of the Holy Sepulchre;;;;;;;;;;;;;x
d_holy_sepulchre_908;Brotherhood of the Holy Sepulchre;;;;;;;;;;;;;x
d_holy_sepulchre_909;Brotherhood of the Holy Sepulchre;;;;;;;;;;;;;x
d_holy_sepulchre_910;Brotherhood of the Holy Sepulchre;;;;;;;;;;;;;x
d_holy_sepulchre_911;Brotherhood of the Holy Sepulchre;;;;;;;;;;;;;x
d_holy_sepulchre_912;Brotherhood of the Holy Sepulchre;;;;;;;;;;;;;x
d_holy_sepulchre_913;Brotherhood of the Holy Sepulchre;;;;;;;;;;;;;x
d_holy_sepulchre_914;Brotherhood of the Holy Sepulchre;;;;;;;;;;;;;x
d_holy_sepulchre_915;Brotherhood of the Holy Sepulchre;;;;;;;;;;;;;x
d_holy_sepulchre_916;Brotherhood of the Holy Sepulchre;;;;;;;;;;;;;x
d_holy_sepulchre_917;Brotherhood of the Holy Sepulchre;;;;;;;;;;;;;x
d_holy_sepulchre_918;Brotherhood of the Holy Sepulchre;;;;;;;;;;;;;x
d_holy_sepulchre_919;Brotherhood of the Holy Sepulchre;;;;;;;;;;;;;x
d_holy_sepulchre_920;Brotherhood of the Holy Sepulchre;;;;;;;;;;;;;x
d_holy_sepulchre_921;Brotherhood of the Holy Sepulchre;;;;;;;;;;;;;x
d_holy_sepulchre_922;Brotherhood of the Holy Sepulchre;;;;;;;;;;;;;x
d_holy_sepulchre_923;Brotherhood of the Holy Sepulchre;;;;;;;;;;;;;x
d_holy_sepulchre_924;Brotherhood of the Holy Sepulchre;;;;;;;;;;;;;x
d_holy_sepulchre_925;Brotherhood of the Holy Sepulchre;;;;;;;;;;;;;x
d_holy_sepulchre_926;Brotherhood of the Holy Sepulchre;;;;;;;;;;;;;x
d_holy_sepulchre_927;Brotherhood of the Holy Sepulchre;;;;;;;;;;;;;x
d_holy_sepulchre_928;Brotherhood of the Holy Sepulchre;;;;;;;;;;;;;x
d_holy_sepulchre_929;Brotherhood of the Holy Sepulchre;;;;;;;;;;;;;x
d_holy_sepulchre_930;Brotherhood of the Holy Sepulchre;;;;;;;;;;;;;x
d_holy_sepulchre_931;Brotherhood of the Holy Sepulchre;;;;;;;;;;;;;x
d_holy_sepulchre_932;Brotherhood of the Holy Sepulchre;;;;;;;;;;;;;x
d_holy_sepulchre_933;Brotherhood of the Holy Sepulchre;;;;;;;;;;;;;x
d_holy_sepulchre_934;Brotherhood of the Holy Sepulchre;;;;;;;;;;;;;x
d_holy_sepulchre_935;Brotherhood of the Holy Sepulchre;;;;;;;;;;;;;x
d_holy_sepulchre_936;Brotherhood of the Holy Sepulchre;;;;;;;;;;;;;x
d_holy_sepulchre_937;Brotherhood of the Holy Sepulchre;;;;;;;;;;;;;x
d_holy_sepulchre_938;Brotherhood of the Holy Sepulchre;;;;;;;;;;;;;x
d_holy_sepulchre_939;Brotherhood of the Holy Sepulchre;;;;;;;;;;;;;x
d_holy_sepulchre_940;Brotherhood of the Holy Sepulchre;;;;;;;;;;;;;x
d_holy_sepulchre_941;Brotherhood of the Holy Sepulchre;;;;;;;;;;;;;x
d_holy_sepulchre_942;Brotherhood of the Holy Sepulchre;;;;;;;;;;;;;x
d_holy_sepulchre_943;Brotherhood of the Holy Sepulchre;;;;;;;;;;;;;x
d_holy_sepulchre_944;Brotherhood of the Holy Sepulchre;;;;;;;;;;;;;x
d_holy_sepulchre_945;Brotherhood of the Holy Sepulchre;;;;;;;;;;;;;x
d_holy_sepulchre_946;Brotherhood of the Holy Sepulchre;;;;;;;;;;;;;x
d_holy_sepulchre_947;Brotherhood of the Holy Sepulchre;;;;;;;;;;;;;x
d_holy_sepulchre_948;Brotherhood of the Holy Sepulchre;;;;;;;;;;;;;x
d_holy_sepulchre_949;Brotherhood of the Holy Sepulchre;;;;;;;;;;;;;x
d_holy_sepulchre_950;Brotherhood of the Holy Sepulchre;;;;;;;;;;;;;x
d_holy_sepulchre_951;Brotherhood of the Holy Sepulchre;;;;;;;;;;;;;x
d_holy_sepulchre_952;Brotherhood of the Holy Sepulchre;;;;;;;;;;;;;x
d_holy_sepulchre_953;Brotherhood of the Holy Sepulchre;;;;;;;;;;;;;x
d_holy_sepulchre_954;Brotherhood of the Holy Sepulchre;;;;;;;;;;;;;x
d_holy_sepulchre_955;Brotherhood of the Holy Sepulchre;;;;;;;;;;;;;x
d_holy_sepulchre_956;Brotherhood of the Holy Sepulchre;;;;;;;;;;;;;x
d_holy_sepulchre_957;Brotherhood of the Holy Sepulchre;;;;;;;;;;;;;x
d_holy_sepulchre_958;Brotherhood of the Holy Sepulchre;;;;;;;;;;;;;x
d_holy_sepulchre_959;Brotherhood of the Holy Sepulchre;;;;;;;;;;;;;x
d_holy_sepulchre_960;Brotherhood of the Holy Sepulchre;;;;;;;;;;;;;x
d_holy_sepulchre_961;Brotherhood of the Holy Sepulchre;;;;;;;;;;;;;x
d_holy_sepulchre_962;Brotherhood of the Holy Sepulchre;;;;;;;;;;;;;x
d_holy_sepulchre_963;Brotherhood of the Holy Sepulchre;;;;;;;;;;;;;x
d_holy_sepulchre_964;Brotherhood of the Holy Sepulchre;;;;;;;;;;;;;x
d_holy_sepulchre_965;Brotherhood of the Holy Sepulchre;;;;;;;;;;;;;x
d_holy_sepulchre_966;Brotherhood of the Holy Sepulchre;;;;;;;;;;;;;x
d_holy_sepulchre_967;Brotherhood of the Holy Sepulchre;;;;;;;;;;;;;x
d_holy_sepulchre_968;Brotherhood of the Holy Sepulchre;;;;;;;;;;;;;x
d_holy_sepulchre_969;Brotherhood of the Holy Sepulchre;;;;;;;;;;;;;x
d_holy_sepulchre_970;Brotherhood of the Holy Sepulchre;;;;;;;;;;;;;x
d_holy_sepulchre_971;Brotherhood of the Holy Sepulchre;;;;;;;;;;;;;x
d_holy_sepulchre_972;Brotherhood of the Holy Sepulchre;;;;;;;;;;;;;x
d_holy_sepulchre_973;Brotherhood of the Holy Sepulchre;;;;;;;;;;;;;x
d_holy_sepulchre_974;Brotherhood of the Holy Sepulchre;;;;;;;;;;;;;x
d_holy_sepulchre_975;Brotherhood of the Holy Sepulchre;;;;;;;;;;;;;x
d_holy_sepulchre_976;Brotherhood of the Holy Sepulchre;;;;;;;;;;;;;x
d_holy_sepulchre_977;Brotherhood of the Holy Sepulchre;;;;;;;;;;;;;x
d_holy_sepulchre_978;Brotherhood of the Holy Sepulchre;;;;;;;;;;;;;x
d_holy_sepulchre_979;Brotherhood of the Holy Sepulchre;;;;;;;;;;;;;x
d_holy_sepulchre_980;Brotherhood of the Holy Sepulchre;;;;;;;;;;;;;x
d_holy_sepulchre_981;Brotherhood of the Holy Sepulchre;;;;;;;;;;;;;x
d_holy_sepulchre_982;Brotherhood of the Holy Sepulchre;;;;;;;;;;;;;x
d_holy_sepulchre_983;Brotherhood of the Holy Sepulchre;;;;;;;;;;;;;x
d_holy_sepulchre_984;Brotherhood of the Holy Sepulchre;;;;;;;;;;;;;x
d_holy_sepulchre_985;Brotherhood of the Holy Sepulchre;;;;;;;;;;;;;x
d_holy_sepulchre_986;Brotherhood of the Holy Sepulchre;;;;;;;;;;;;;x
d_holy_sepulchre_987;Brotherhood of the Holy Sepulchre;;;;;;;;;;;;;x
d_holy_sepulchre_988;Brotherhood of the Holy Sepulchre;;;;;;;;;;;;;x
d_holy_sepulchre_989;Brotherhood of the Holy Sepulchre;;;;;;;;;;;;;x
d_holy_sepulchre_990;Brotherhood of the Holy Sepulchre;;;;;;;;;;;;;x
d_holy_sepulchre_991;Brotherhood of the Holy Sepulchre;;;;;;;;;;;;;x
d_holy_sepulchre_992;Brotherhood of the Holy Sepulchre;;;;;;;;;;;;;x
d_holy_sepulchre_993;Brotherhood of the Holy Sepulchre;;;;;;;;;;;;;x
d_holy_sepulchre_994;Brotherhood of the Holy Sepulchre;;;;;;;;;;;;;x
d_holy_sepulchre_995;Brotherhood of the Holy Sepulchre;;;;;;;;;;;;;x
d_holy_sepulchre_996;Brotherhood of the Holy Sepulchre;;;;;;;;;;;;;x
d_holy_sepulchre_997;Brotherhood of the Holy Sepulchre;;;;;;;;;;;;;x
d_holy_sepulchre_998;Brotherhood of the Holy Sepulchre;;;;;;;;;;;;;x
d_holy_sepulchre_999;Brotherhood of the Holy Sepulchre;;;;;;;;;;;;;x
